Id,CurrentAge,LotArea,PorchArea,TotalBaths,OverallQual,OverallCond,GrLivArea,SaleType,SaleCondition,MSZoning,Story,StoryFinish,SalePrice,TotRmsAbvGrd
1,7,8450,61,3,7,5,1710,WD,Normal,RL,two,finished,208500,8
2,34,9600,0,2,6,8,1262,WD,Normal,RL,one,finished,181500,6
3,8,11250,42,3,7,5,1786,WD,Normal,RL,two,finished,223500,6
5,10,14260,84,3,8,5,2198,WD,Normal,RL,two,finished,250000,9
6,15,14115,350,2,5,5,1362,WD,Normal,RL,one_and_half,finished,143000,5
7,5,10084,57,2,8,5,1694,WD,Normal,RL,one,finished,307000,7
8,37,10382,432,3,7,6,2090,WD,Normal,RL,two,finished,200000,7
10,60,7420,4,1,5,6,1077,WD,Normal,RL,one_and_half,unfinished,118000,5
11,45,11200,0,1,5,5,1040,WD,Normal,RL,one,finished,129500,5
12,4,11924,21,3,9,5,2324,New,Partial,RL,two,finished,345000,11
13,48,12968,176,1,5,6,912,WD,Normal,RL,one,finished,144000,4
14,3,10652,33,2,7,5,1494,New,Partial,RL,one,finished,279500,7
15,50,10920,389,2,6,5,1253,WD,Normal,RL,one,finished,157000,5
16,9,6120,112,1,7,8,854,WD,Normal,RM,one_and_half,unfinished,132000,5
17,40,11241,0,1,6,7,1004,WD,Normal,RL,one,finished,149000,5
18,43,10791,0,2,4,5,1296,WD,Normal,RL,one,finished,90000,6
19,6,13695,102,2,5,5,1114,WD,Normal,RL,one,finished,159000,6
21,4,14215,154,4,8,5,2376,New,Partial,RL,two,finished,325300,9
22,60,7449,205,1,7,7,1108,WD,Normal,RM,one_and_half,unfinished,139400,6
23,8,9742,159,2,8,5,1795,WD,Normal,RL,one,finished,230000,7
24,34,4224,110,1,5,7,1060,WD,Normal,RM,one,finished,129900,6
25,9,8246,90,1,5,8,1060,WD,Normal,RL,one,finished,154000,6
26,3,14230,56,2,8,5,1600,WD,Normal,RL,one,finished,256300,7
27,10,7200,32,1,5,7,900,WD,Normal,RL,one,finished,134800,5
28,2,11478,50,2,8,5,1704,WD,Normal,RL,one,finished,306000,7
29,13,16321,258,1,5,6,1600,WD,Normal,RL,one,finished,207500,6
30,60,6324,87,1,4,6,520,WD,Normal,RM,one,finished,68500,4
32,4,8544,65,2,5,6,1228,WD,Normal,RL,one,finished,149350,6
33,3,11049,30,2,8,5,1234,WD,Normal,RL,one,finished,179900,7
34,51,10552,38,2,5,5,1700,WD,Normal,RL,one,finished,165500,6
35,5,7313,47,2,9,5,1561,WD,Normal,RL,one,finished,277500,6
36,5,13418,32,4,8,5,2452,WD,Normal,RL,two,finished,309000,9
37,15,10859,64,2,5,5,1097,WD,Normal,RL,one,finished,145000,6
38,20,8532,0,1,5,6,1297,WD,Normal,RL,one,finished,153000,5
42,51,16905,104,2,5,6,1328,WD,Normal,RL,one,finished,170000,5
43,27,9180,0,1,5,7,884,WD,Normal,RL,split,finished,144000,5
44,30,9200,0,1,5,6,938,WD,Normal,RL,one,finished,130250,5
45,51,7945,0,1,5,6,1150,WD,Normal,RL,one,finished,141000,6
46,5,7658,82,2,9,5,1752,WD,Normal,RL,one,finished,319900,6
49,2,4456,102,2,4,5,1452,New,Partial,RM,two,finished,113000,8
50,44,7742,0,1,5,7,955,WD,Normal,RL,one,finished,127000,6
51,13,13869,75,2,6,6,1470,WD,Normal,RL,two,finished,177000,6
52,60,6240,0,1,6,6,1176,WD,Normal,RM,one_and_half,finished,114500,6
53,47,8472,0,1,5,5,816,WD,Normal,RM,one,finished,110000,5
54,23,50271,72,1,9,5,1842,WD,Normal,RL,one,finished,385000,5
55,55,7134,50,1,5,5,1360,WD,Normal,RL,split,finished,130000,6
56,46,10175,407,2,6,5,1425,WD,Normal,RL,one,finished,180500,7
58,6,11645,70,3,7,5,1720,WD,Normal,RL,two,finished,196500,7
59,4,13682,37,4,10,5,2945,New,Partial,RL,two,finished,438780,10
60,38,7200,0,1,5,7,780,WD,Normal,RL,one,finished,124900,4
61,6,13072,50,2,6,5,1158,New,Partial,RL,one,finished,158000,5
62,14,7200,144,1,5,7,1111,WD,Normal,RM,two_and_half,unfinished,101000,6
63,4,6442,49,2,8,5,1370,WD,Normal,RL,one,finished,202500,6
64,60,10300,75,2,7,6,1710,WD,Normal,RM,two,finished,140000,9
65,12,9375,36,3,7,5,2034,WD,Normal,RL,two,finished,219500,8
66,5,9591,151,3,8,5,2473,WD,Normal,RL,two,finished,317000,9
67,21,19900,0,2,7,5,2207,WD,Normal,RL,one,finished,180000,7
68,7,10665,29,2,7,5,1479,WD,Normal,RL,one,finished,226000,7
69,60,4608,0,1,4,6,747,WD,Normal,RM,one,finished,80000,4
70,57,15593,135,2,7,4,2287,WD,Normal,RL,one_and_half,finished,225000,7
71,37,13651,0,2,7,6,2223,WD,Normal,RL,one,finished,244000,8
72,4,7599,0,1,4,6,845,WD,Normal,RL,one,finished,129500,4
73,12,10141,385,3,7,5,1718,WD,Normal,RL,two,finished,185000,7
74,7,10200,0,1,5,7,1086,WD,Normal,RL,one,finished,144900,6
75,60,5790,202,2,3,6,1605,WD,Normal,RM,two,finished,107400,8
76,37,1596,101,1,4,5,988,WD,Normal,RM,split,finished,91000,5
77,54,8475,0,1,4,7,952,WD,Normal,RL,one,finished,135750,4
78,9,8635,0,1,5,5,1285,WD,Normal,RM,one_and_half,finished,127000,6
79,42,10778,0,2,4,5,1768,WD,Normal,RL,one,finished,136500,8
80,29,10440,128,2,5,6,1230,WD,Normal,RM,two,finished,110000,5
81,42,13000,324,3,6,6,2142,WD,Normal,RL,two,finished,193500,8
82,12,4500,199,2,6,5,1337,WD,Normal,RM,one,finished,153500,5
83,3,10206,99,2,8,5,1563,WD,Normal,RL,one,finished,245000,6
85,14,8530,72,3,7,5,1474,WD,Normal,RL,split,finished,168500,7
86,18,16059,82,3,8,5,2417,WD,Normal,RL,two,finished,260000,9
87,5,11911,38,3,6,5,1560,WD,Normal,RL,two,finished,174000,6
90,15,8070,0,1,4,5,990,WD,Normal,RL,one,finished,123600,5
91,60,7200,29,1,4,5,1040,WD,Normal,RL,one,finished,109900,4
93,4,13360,44,1,5,7,964,WD,Normal,RL,one,finished,163500,5
95,13,9337,162,3,6,5,1786,WD,Normal,RL,two,finished,204750,7
96,17,9765,63,3,6,8,1470,WD,Normal,RL,two,finished,185000,6
97,11,10264,29,2,7,5,1588,WD,Normal,RL,one,finished,214000,6
98,45,10921,0,1,4,5,960,WD,Normal,RL,one,finished,94750,6
100,51,9320,0,2,4,5,1225,WD,Normal,RL,one,finished,128950,6
101,9,10603,68,2,6,7,1610,WD,Normal,RL,one,finished,205000,6
102,25,9206,46,3,6,5,1732,WD,Normal,RL,two,finished,178000,7
104,1,10402,36,2,7,5,1226,WD,Normal,RL,one,finished,198900,6
105,60,7758,184,2,7,4,1818,WD,Normal,RM,one_and_half,finished,169500,7
107,15,10800,0,1,4,7,1047,WD,Normal,RM,one,finished,100000,6
108,60,6000,0,1,5,5,789,WD,Partial,RM,one,finished,115000,5
109,5,8500,144,2,5,7,1517,WD,Normal,RM,one_and_half,finished,115000,7
111,38,9525,0,2,6,4,1855,WD,Normal,RL,one_and_half,finished,136900,7
112,10,7750,0,3,7,5,1430,WD,Normal,RL,split,finished,180000,7
113,3,9965,352,3,7,5,2696,New,Partial,RL,two,finished,383970,10
115,8,7259,0,3,6,8,2320,WD,Normal,RL,two,finished,259500,9
117,48,11616,164,1,5,5,1092,WD,Normal,RL,one,finished,139000,6
118,3,8536,64,2,5,5,1125,New,Partial,RL,one,finished,155000,5
119,20,12376,0,3,7,5,3222,WD,Normal,RL,two,finished,320000,11
120,4,8461,24,3,6,5,1456,New,Partial,RL,two,finished,163990,8
121,41,21453,260,1,6,5,988,WD,Normal,RL,split,finished,180000,4
122,60,6060,140,1,4,5,1123,WD,Normal,RM,one_and_half,finished,100000,4
123,52,9464,130,1,6,7,1080,WD,Normal,RL,one,finished,136000,5
124,17,7892,63,2,6,5,1199,WD,Normal,RL,one,finished,153900,5
125,12,17043,0,2,6,5,1586,WD,Normal,RL,one,finished,181000,7
126,28,6780,0,1,6,8,754,WD,Normal,RM,one_and_half,finished,84500,5
127,34,4928,205,2,6,5,958,WD,Normal,RL,one,finished,128000,5
128,60,4388,0,1,5,7,840,WD,Normal,RM,one_and_half,unfinished,87000,5
129,44,7590,108,2,6,5,1348,WD,Normal,RL,two,finished,155000,6
131,44,14200,66,3,7,6,2157,WD,Normal,RL,two,finished,226000,8
132,10,12224,48,3,6,5,2054,WD,Normal,RL,two,finished,244000,7
133,8,7388,0,1,5,6,1327,WD,Normal,RL,one,finished,150750,7
134,8,6853,25,2,8,5,1296,WD,Normal,RL,one,finished,220000,6
135,17,10335,276,3,5,6,1721,WD,Normal,RL,one,finished,180000,7
136,40,10400,0,2,7,6,1682,WD,Normal,RL,one,finished,174000,7
137,43,10355,111,2,5,5,1214,WD,Normal,RL,one,finished,143000,5
139,10,9066,106,3,8,5,1852,WD,Normal,RL,two,finished,230000,7
140,13,15426,99,3,6,5,1764,WD,Normal,RL,two,finished,231500,7
142,5,11645,24,2,7,5,1734,WD,Normal,RL,one,finished,260000,7
143,58,8520,0,2,5,4,1385,WD,Normal,RL,one_and_half,finished,166000,6
144,11,10335,29,2,7,5,1501,WD,Normal,RL,one,finished,204000,6
146,4,2522,40,2,6,5,1709,WD,Normal,RM,two,finished,130000,7
147,17,6120,0,1,5,7,875,WD,Normal,RM,one,finished,105000,5
148,9,9505,48,3,7,5,2035,WD,Normal,RL,two,finished,222500,8
149,5,7500,0,1,7,5,1080,WD,Normal,RL,one,finished,141000,6
150,60,6240,114,1,5,4,1344,WD,Normal,RM,one_and_half,finished,115000,7
151,35,10356,0,2,5,6,969,WD,Normal,RL,one,finished,122000,5
152,2,13891,102,2,8,5,1710,New,Partial,RL,one,finished,372402,6
153,39,14803,66,3,6,5,1993,WD,Normal,RL,two,finished,190000,8
154,35,13500,0,1,6,7,1252,WD,Normal,RL,one,finished,235000,4
156,60,9600,136,1,6,5,1096,WD,Normal,RL,one_and_half,finished,79000,5
157,60,7200,0,1,5,7,1040,WD,Normal,RL,one,finished,109500,5
158,0,12003,75,3,8,5,1968,New,Partial,RL,two,finished,269500,8
160,4,19378,300,3,7,5,2462,New,Partial,RL,two,finished,320000,9
161,26,11120,0,2,6,6,1232,WD,Normal,RL,one,finished,162500,6
162,6,13688,0,3,9,5,2668,WD,Normal,RL,two,finished,412500,10
163,5,12182,70,2,7,5,1541,New,Partial,RL,one,finished,220000,7
164,54,5500,0,1,4,6,882,WD,Normal,RL,one_and_half,unfinished,103200,4
165,6,5400,183,2,6,7,1616,WD,Normal,RM,one,finished,152000,5
166,11,10106,0,2,5,7,1355,WD,Normal,RL,one_and_half,finished,127500,6
168,3,10562,120,2,8,5,2161,New,Partial,RL,two,finished,325624,8
169,6,8244,48,3,7,5,1720,WD,Normal,RL,two,finished,183500,7
170,29,16669,64,3,8,6,1707,WD,Normal,RL,one,finished,228000,6
171,60,12358,0,2,5,6,1382,WD,Normal,RM,one_and_half,finished,128500,7
172,50,31770,62,1,6,5,1656,WD,Normal,RL,one,finished,215000,7
173,23,5306,35,2,7,7,1767,WD,Normal,RL,two,finished,239000,5
175,24,12416,0,2,6,5,1651,WD,Normal,RL,one,finished,184000,7
176,9,12615,68,2,6,7,2158,WD,Normal,RL,one,finished,243000,7
177,21,10029,420,3,6,5,2060,WD,Normal,RL,two,finished,211000,8
178,52,13650,0,2,5,5,1920,WD,Normal,RL,one_and_half,finished,172500,8
179,1,17423,60,2,9,5,2234,New,Partial,RL,one,finished,501837,9
180,4,8520,184,1,5,6,968,WD,Normal,RM,one,finished,100000,5
182,60,7588,40,2,7,6,1802,WD,Normal,RL,two,finished,200100,9
183,4,9060,180,1,5,6,1340,WD,Normal,RL,one,finished,120000,7
184,7,11426,238,3,7,5,2082,WD,Normal,RM,one_and_half,finished,200000,6
185,19,7438,0,1,5,8,1252,WD,Normal,RL,one_and_half,finished,127000,5
186,17,22950,670,3,10,9,3608,WD,Normal,RM,two_and_half,finished,475000,12
187,19,9947,27,2,7,5,1217,WD,Normal,RL,split,finished,173000,6
188,23,10410,140,3,5,7,1656,WD,Normal,RL,one_and_half,finished,135000,8
190,8,4923,344,2,8,5,1593,WD,Normal,RL,one,finished,286000,5
191,16,10570,74,3,8,8,2727,WD,Normal,RL,two,finished,315000,10
192,6,7472,32,2,7,9,1479,WD,Normal,RL,two,finished,184000,7
193,11,9017,35,2,7,5,1431,WD,Normal,RL,one,finished,192000,6
194,6,2522,40,2,7,5,1709,WD,Normal,RM,two,finished,130000,7
195,38,7180,0,1,5,7,864,WD,Normal,RL,one,finished,127000,5
196,34,2280,0,3,6,6,1456,WD,Normal,RL,two,finished,148500,7
197,3,9416,404,2,7,5,1726,New,Partial,RL,one,finished,311872,8
200,5,9591,196,2,8,5,1713,WD,Normal,RL,one,finished,274900,7
201,6,8546,64,2,4,5,1121,WD,Normal,RM,one,finished,140000,5
202,33,10125,83,2,6,6,1279,WD,Normal,RL,one,finished,171500,6
204,6,4438,0,1,6,5,848,WD,Normal,RM,one,finished,149000,3
205,60,3500,35,2,5,7,1284,WD,Normal,RM,one_and_half,finished,110000,5
206,20,11851,542,2,7,5,1442,WD,Normal,RL,one,finished,180500,5
207,48,13673,30,2,5,5,1696,WD,Normal,RL,one,finished,143900,8
208,50,12493,0,1,4,5,1100,WD,Normal,RL,one,finished,141000,6
209,21,14364,209,3,7,5,2062,WD,Normal,RL,two,finished,277000,7
210,46,8250,0,1,6,7,1092,WD,Normal,RL,one,finished,145000,6
211,60,5604,96,1,5,6,864,WD,Normal,RL,one,finished,98000,5
212,1,10420,22,2,6,5,1212,WD,Normal,RL,one,finished,186000,6
214,15,13568,0,1,5,5,990,WD,Normal,RL,one,finished,156000,5
215,33,10900,36,2,6,7,1392,WD,Normal,RL,two,finished,161750,6
216,14,10011,0,1,5,6,1236,WD,Normal,RL,one,finished,134450,6
217,6,8450,98,2,7,5,1436,WD,Normal,RL,one,finished,210000,8
219,4,15660,269,2,7,9,1954,WD,Normal,RL,one_and_half,finished,311500,8
220,4,3010,0,2,7,5,1248,New,Partial,RL,one,finished,167240,5
221,4,8990,33,2,7,5,1498,New,Partial,RL,one,finished,204900,5
223,35,11475,208,3,6,6,1552,WD,Normal,RL,two,finished,179900,6
225,7,13472,105,2,10,5,2392,WD,Normal,RL,one,finished,386250,8
228,40,1869,0,2,6,6,987,WD,Normal,RM,two,finished,106000,5
229,43,8521,0,1,5,5,912,WD,Normal,RL,one,finished,125000,5
230,4,3182,20,2,7,5,1555,WD,Normal,RL,one,finished,192500,7
231,51,8760,120,1,6,6,1194,WD,Normal,RL,one,finished,148000,6
232,14,15138,348,3,8,5,2794,WD,Normal,RL,two,finished,403000,9
233,38,1680,0,2,6,5,987,WD,Normal,RM,two,finished,94500,5
234,34,10650,0,1,5,6,894,WD,Normal,RL,one,finished,128200,5
235,8,7851,48,3,6,5,1960,WD,Normal,RL,two,finished,216500,8
236,39,1680,0,2,6,3,987,WD,Normal,RM,two,finished,89500,5
237,6,8773,105,2,7,5,1414,WD,Normal,RL,one,finished,185500,6
238,7,9453,308,3,7,7,1744,WD,Normal,RL,two,finished,194500,7
239,3,12030,228,2,8,5,1694,New,Partial,RL,one,finished,318000,7
240,60,8741,140,2,6,4,1487,WD,Normal,RL,one_and_half,finished,113000,7
242,13,3880,42,1,5,9,866,WD,Normal,RM,one,finished,110500,4
243,60,5000,77,1,5,4,1440,WD,Normal,RM,one_and_half,finished,79000,6
244,30,10762,28,2,6,6,1217,WD,Normal,RL,two,finished,120000,6
245,8,8880,130,3,7,5,2110,WD,Normal,RL,two,finished,205000,8
246,22,10400,39,2,7,5,1872,WD,Normal,RL,one,finished,241500,6
247,60,9142,172,2,6,8,1928,WD,Normal,RM,two,finished,137000,9
248,56,11310,30,1,6,5,1375,WD,Normal,RL,one,finished,140000,5
249,7,11317,68,3,7,5,1668,WD,Normal,RL,two,finished,180000,8
250,4,159000,98,2,6,7,2144,WD,Normal,RL,one_and_half,finished,277000,7
251,44,5350,0,1,3,2,1306,WD,Normal,RL,one,finished,76500,6
253,6,8366,45,3,6,5,1640,WD,Normal,RL,two,finished,173000,6
255,53,8400,0,1,5,6,1314,WD,Normal,RL,one,finished,145000,5
256,11,8738,0,3,7,5,2291,WD,Normal,RL,two,finished,230000,8
259,9,12435,341,3,7,5,1792,WD,Normal,RL,two,finished,231500,7
260,54,12702,45,1,5,5,882,WD,Normal,RM,one,finished,97000,4
261,48,19296,252,1,6,5,1382,WD,Normal,RL,split,finished,176000,6
262,3,9588,148,3,8,5,2574,New,Partial,RL,two,finished,276000,10
263,15,8471,12,1,6,7,1212,WD,Normal,RL,split,finished,151000,6
264,9,5500,0,1,5,7,1316,WD,Normal,RM,one_and_half,finished,130000,6
265,6,5232,0,1,5,5,764,WD,Normal,RM,one,finished,73000,4
266,29,12090,0,2,6,6,1422,WD,Normal,RL,one,finished,175500,7
267,13,11207,75,3,6,5,1511,WD,Normal,RL,two,finished,185000,8
268,13,8400,24,3,5,8,2192,WD,Normal,RL,two_and_half,finished,179500,8
269,55,6900,25,1,5,6,778,WD,Normal,RM,one,finished,120500,4
270,34,7917,30,2,6,7,1113,WD,Normal,RL,one,finished,148000,6
272,5,39104,0,1,7,7,1363,WD,Normal,RL,one,finished,241500,5
273,3,11764,57,3,8,7,2270,WD,Normal,RL,two,finished,290000,9
274,22,9600,0,2,6,6,1632,WD,Normal,RL,one,finished,139000,6
275,28,8314,0,1,5,7,816,WD,Normal,RL,one,finished,124500,5
276,3,7264,144,3,7,7,1548,WD,Normal,RL,one_and_half,finished,205000,5
277,7,9196,150,2,7,5,1560,WD,Normal,RL,one,finished,201000,7
278,59,19138,0,1,4,5,864,WD,Normal,RL,one,finished,141000,4
279,3,14450,240,3,9,5,2121,New,Partial,RL,one,finished,415298,8
280,33,10005,117,3,7,5,2022,WD,Normal,RL,two,finished,192000,8
281,21,11287,280,3,7,6,1982,WD,Normal,RL,two,finished,228500,7
284,1,9612,150,2,8,5,1468,New,Partial,RL,one,finished,244600,6
285,18,8012,52,2,6,5,1575,WD,Normal,RL,one,finished,179200,5
287,29,9786,128,2,6,7,1734,WD,Normal,RL,one_and_half,finished,159000,7
288,39,8125,0,1,4,4,858,WD,Normal,RL,one,finished,88000,5
289,43,9819,0,1,5,5,900,WD,Normal,RL,one,finished,122000,5
290,7,8730,259,1,6,7,1396,WD,Normal,RL,two,finished,153575,7
291,4,15611,51,3,8,5,1919,New,Partial,RL,two,finished,233230,8
292,10,5687,184,2,5,6,1716,WD,Normal,RL,two,finished,135900,9
293,2,11409,160,2,5,4,1716,WD,Normal,RL,one_and_half,finished,131000,8
294,16,16659,250,3,7,7,2263,WD,Normal,RL,two,finished,235000,9
295,57,9600,0,1,6,5,1644,WD,Normal,RL,one,finished,167000,7
296,26,7937,0,1,6,6,1003,WD,Normal,RL,split,finished,142500,6
297,60,13710,0,2,5,5,1558,WD,Normal,RM,one_and_half,finished,152000,6
299,42,11700,0,3,6,6,1743,WD,Normal,RL,two,finished,175000,7
301,57,15750,0,1,5,5,1336,WD,Normal,RL,one,finished,157000,5
302,11,16226,50,3,8,5,2452,WD,Normal,RL,two,finished,267000,9
303,8,13704,81,2,7,5,1541,WD,Normal,RL,one,finished,205000,6
305,8,18386,0,3,7,9,3493,WD,Normal,RM,two_and_half,finished,295000,10
306,5,10386,0,2,8,5,2000,WD,Normal,RL,one,finished,305900,8
307,19,13474,268,3,7,5,2243,WD,Normal,RL,two,finished,225000,8
308,60,7920,144,1,6,7,1406,WD,Normal,RM,one_and_half,finished,89500,6
309,60,12342,0,1,4,5,861,WD,Normal,RL,one,finished,82500,4
310,6,12378,175,2,9,5,1944,WD,Normal,RL,one,finished,360000,8
311,16,7685,63,3,6,5,1501,WD,Normal,RL,two,finished,165600,6
312,8,8000,0,1,6,6,972,WD,Normal,RL,one,finished,132000,5
313,60,7800,271,1,5,7,1118,WD,Normal,RM,one_and_half,finished,119900,5
315,20,9600,234,2,7,7,1641,WD,Normal,RM,two,finished,178000,6
316,5,7795,51,3,7,5,1432,WD,Normal,RL,two,finished,188500,6
317,30,13005,195,3,7,7,2353,WD,Normal,RL,two,finished,260000,10
319,17,9900,204,3,7,5,2646,WD,Normal,RL,two,finished,260000,9
320,30,14115,48,2,7,5,1472,WD,Normal,RL,split,finished,187500,6
321,4,16259,154,4,9,5,2596,New,Partial,RL,two,finished,342643,9
322,6,12099,154,3,8,5,2468,WD,Normal,RL,two,finished,354000,10
323,23,10380,96,3,7,5,2730,WD,Normal,RL,two,finished,301000,8
324,5,5820,98,1,3,8,1163,WD,Normal,RM,one,finished,126175,6
325,3,11275,0,3,7,7,2978,WD,Normal,RL,split,finished,242000,11
326,60,5000,244,1,5,6,803,WD,Normal,RM,one_and_half,unfinished,87000,5
328,50,11600,45,2,6,5,1383,WD,Normal,RL,one,finished,145250,7
329,16,11888,328,2,6,6,2134,WD,Normal,RL,two_and_half,unfinished,214500,10
330,60,6402,137,1,5,5,1192,WD,Normal,RM,two,finished,78000,6
331,46,10624,0,2,5,4,1728,WD,Normal,RL,one,finished,119000,10
332,18,8176,0,1,5,6,1056,WD,Normal,RL,one,finished,139000,6
333,6,10655,0,2,8,5,1629,WD,Normal,RL,one,finished,284000,7
334,6,8198,30,2,7,5,1358,WD,Normal,RM,one,finished,207000,6
335,12,9042,38,3,6,5,1638,WD,Normal,RL,two,finished,192000,7
336,45,164660,0,2,5,6,1786,WD,Normal,RL,one_and_half,finished,228950,7
337,4,14157,51,2,9,5,1922,WD,Normal,RL,one,finished,377426,8
338,7,9135,74,2,7,5,1536,WD,Normal,RL,one,finished,214000,7
339,12,14145,45,2,7,7,1621,WD,Normal,RL,one,finished,202500,8
340,12,12400,234,1,6,7,1215,WD,Normal,RL,one,finished,155000,6
341,8,14191,0,3,8,5,1908,WD,Normal,RL,two,finished,202900,9
342,60,8400,24,1,4,4,841,WD,Normal,RH,one,finished,82000,4
343,60,8544,0,2,3,4,1040,WD,Normal,RL,one,finished,87500,6
344,5,8849,72,2,9,5,1684,WD,Normal,RL,one,finished,266000,6
345,34,2592,0,2,5,3,1112,WD,Normal,RM,two,finished,85000,4
346,60,6435,0,1,6,5,1577,WD,Normal,RL,one_and_half,finished,140200,6
347,12,12772,0,1,6,8,958,WD,Normal,RL,one,finished,151500,5
348,50,17600,40,2,6,5,1478,WD,Normal,RL,one,finished,157500,6
349,6,2448,27,3,7,5,1626,WD,Normal,RL,two,finished,154000,6
350,4,20431,0,3,9,5,2728,New,Partial,RL,two,finished,437154,10
351,3,7820,54,2,9,5,1869,New,Partial,RL,one,finished,318061,6
354,7,8520,0,1,6,8,720,WD,Normal,RM,one,finished,105900,5
355,10,8400,108,1,6,5,1595,WD,Normal,RL,one_and_half,finished,140000,6
356,15,11249,26,2,6,5,1200,WD,Normal,RL,one,finished,177500,6
357,18,9248,26,2,6,6,1167,WD,Normal,RL,one,finished,173000,6
358,34,4224,90,2,5,5,1142,WD,Normal,RM,one,finished,134000,6
360,12,12011,449,3,8,5,1924,WD,Normal,RL,two,finished,280000,7
361,32,7540,192,1,6,6,912,WD,Normal,RL,split,finished,156000,5
362,28,9144,0,1,5,5,1505,WD,Normal,RL,one_and_half,finished,145000,8
364,3,1680,0,2,6,8,987,WD,Normal,RM,two,finished,118000,5
365,34,18800,111,3,6,5,1574,WD,Normal,RL,two,finished,190000,6
366,13,10690,346,1,5,7,1344,WD,Normal,RM,two,finished,147000,6
367,47,9500,261,2,6,5,1394,WD,Normal,RL,one,finished,159000,6
368,48,9150,110,1,6,5,1431,WD,Normal,RL,split,finished,165000,6
369,56,7800,98,1,5,6,1268,WD,Normal,RL,one,finished,132000,7
370,4,9830,199,1,5,7,1287,WD,Normal,RL,one,finished,162000,7
371,10,8121,40,3,6,5,1664,WD,Normal,RL,two,finished,172400,7
372,51,17120,59,2,4,4,1588,WD,Normal,RL,one_and_half,finished,134432,7
373,26,7175,90,1,6,5,752,WD,Normal,RL,one,finished,125000,4
374,57,10634,0,1,5,6,1319,WD,Normal,RL,one,finished,123000,5
375,6,8200,48,3,7,5,1928,WD,Normal,RL,two,finished,219500,8
376,60,10020,0,1,1,1,904,WD,Normal,RL,one,finished,61000,4
377,14,8846,0,1,5,5,914,WD,Normal,RL,split,finished,148000,5
379,0,11394,0,2,9,2,1856,New,Partial,RL,one,finished,394432,8
380,10,8123,63,3,6,5,1800,WD,Normal,RL,two,finished,179000,7
381,60,5000,242,2,5,6,1691,WD,Normal,RL,one_and_half,finished,127000,6
383,4,9245,53,3,7,5,1797,WD,Normal,RL,two,finished,213500,8
384,60,9000,91,1,6,3,784,WD,Normal,RH,one_and_half,unfinished,76000,5
385,18,53107,231,3,6,5,1953,WD,Normal,RL,two,finished,240000,9
386,5,3182,164,2,8,5,1269,WD,Normal,RL,one,finished,192000,6
389,10,9382,25,2,7,5,1479,WD,Normal,RL,one,finished,191000,6
390,2,12474,134,3,10,5,2332,New,Partial,RL,two,finished,426000,9
391,60,8405,242,1,5,8,1367,WD,Normal,RL,one_and_half,finished,119000,7
392,8,12209,192,3,6,5,1961,WD,Normal,RL,two,finished,215000,7
393,51,8339,0,1,5,7,882,WD,Normal,RL,one,finished,106500,5
395,60,10134,39,1,5,6,1034,WD,Normal,RL,one_and_half,finished,109000,5
396,54,9571,0,1,5,6,1144,WD,Normal,RL,one,finished,129000,6
397,38,7200,0,1,5,5,894,WD,Normal,RL,one,finished,123000,6
398,48,7590,168,2,5,5,1812,WD,Normal,RL,two,finished,169500,8
401,14,14963,254,2,8,5,1288,WD,Normal,RL,one,finished,245500,4
402,5,8767,0,2,7,5,1310,New,Partial,RL,one,finished,164990,6
403,13,10200,0,1,5,8,672,WD,Normal,RL,one,finished,108000,4
405,14,10364,40,3,6,5,1572,WD,Normal,RL,two,finished,168000,7
406,17,9991,78,2,4,4,1620,WD,Normal,RL,one,finished,150000,8
407,60,10480,0,1,6,5,1639,WD,Normal,RL,one_and_half,finished,115000,6
408,34,15576,160,2,6,7,1680,WD,Normal,RL,two,finished,177000,8
409,4,14154,62,3,7,5,2172,New,Partial,RL,two,finished,280000,9
412,55,34650,0,1,5,5,1056,WD,Normal,RL,one,finished,145000,5
414,60,8960,130,1,5,6,1028,WD,Normal,RM,one,finished,115000,5
415,17,11228,187,3,7,5,2097,WD,Normal,RL,two,finished,228000,9
416,3,8899,30,2,7,5,1340,New,Partial,RL,one,finished,181134,6
417,32,7844,0,2,6,7,1400,WD,Normal,RL,two,finished,149500,6
418,60,22420,0,3,6,6,2624,WD,Normal,RL,two,finished,239000,10
420,42,8450,269,1,5,6,1056,WD,Normal,RL,one,finished,142000,6
422,10,16635,0,2,6,7,1602,WD,Normal,RL,one,finished,215000,8
423,56,21750,0,1,5,5,988,WD,Normal,RL,one,finished,113000,4
424,12,9200,66,3,8,5,2630,WD,Normal,RL,two,finished,315000,8
425,54,9000,44,1,6,5,1196,WD,Normal,RL,one,finished,139000,6
426,18,3378,126,2,7,8,1389,WD,Normal,RM,two,finished,135000,6
427,21,12800,396,2,7,5,1644,WD,Normal,RL,split,finished,275000,5
428,53,8593,0,1,4,6,907,WD,Normal,RL,one,finished,109008,5
429,3,6762,54,2,7,5,1208,New,Partial,RL,one,finished,195400,6
430,22,11457,169,2,6,5,1412,WD,Normal,RL,one,finished,175000,6
433,39,1920,36,2,5,5,1365,WD,Normal,RM,two,finished,122500,6
434,12,10839,36,3,6,5,1604,WD,Normal,RL,two,finished,181000,7
435,38,1890,0,1,4,7,630,WD,Normal,RM,split,finished,81000,3
437,60,4400,0,1,6,8,1118,WD,Normal,RM,one_and_half,finished,116000,6
438,6,6000,105,1,6,7,904,WD,Normal,RM,one_and_half,unfinished,119000,4
439,8,4280,34,1,5,6,694,WD,Normal,RL,one,finished,90350,4
441,2,15431,242,2,10,5,2402,WD,Normal,RL,one,finished,555000,10
442,55,12108,0,2,4,4,1440,WD,Normal,RL,one,finished,118000,8
443,18,6240,0,2,5,7,1573,WD,Normal,RM,one_and_half,finished,162900,8
444,3,3922,16,2,7,5,1258,New,Partial,RL,one,finished,172500,6
445,15,8750,133,3,7,5,1908,WD,Normal,RL,two,finished,210000,8
447,8,16492,0,3,6,6,1888,WD,Normal,RL,one,finished,190000,6
448,11,11214,0,3,7,5,1886,WD,Normal,RL,two,finished,199900,10
449,60,8600,0,2,6,6,1376,WD,Normal,RM,one_and_half,finished,119500,7
450,8,6000,176,2,3,7,1183,WD,Normal,RM,one_and_half,finished,120000,6
451,5,5684,113,1,6,8,813,WD,Normal,RM,one,finished,110000,5
452,35,70761,54,2,7,5,1533,WD,Normal,RL,one,finished,280000,5
453,13,9303,122,3,6,5,1756,WD,Normal,RL,two,finished,204000,7
456,37,9600,0,2,7,6,1242,WD,Normal,RL,one,finished,175500,6
458,16,53227,137,1,4,6,1663,WD,Normal,RL,one,finished,256000,6
459,14,5100,63,1,8,7,1666,WD,Normal,RM,two,finished,161000,7
460,60,7015,248,1,5,4,1203,WD,Normal,RL,one_and_half,finished,110000,5
462,3,7200,0,1,7,9,1135,WD,Normal,RL,two,finished,155000,6
463,45,8281,236,1,5,5,864,WD,Normal,RL,one,finished,62383,5
464,15,11988,0,2,6,7,1660,WD,Normal,RL,two,finished,188700,6
465,32,8430,0,2,5,5,1040,WD,Normal,RL,one,finished,124000,5
466,6,3072,20,2,7,5,1414,WD,Normal,RM,one,finished,178740,6
467,40,10628,176,1,7,5,1277,WD,Normal,RL,one,finished,167000,5
468,15,9480,0,2,5,7,1644,WD,Normal,RL,two,finished,146500,7
469,4,11428,44,2,8,5,1634,WD,Normal,RL,one,finished,250000,7
470,17,9291,70,3,6,5,1710,WD,Normal,RL,two,finished,187000,7
471,25,6820,194,2,8,5,1502,WD,Normal,RL,one,finished,212000,4
472,33,11952,276,3,7,6,1969,WD,Normal,RL,two,finished,190000,8
473,5,3675,28,1,6,5,1072,WD,Normal,RM,split,finished,148000,5
474,3,14977,63,2,8,5,1976,New,Partial,RL,one,finished,440000,7
475,10,5330,48,2,8,5,1652,WD,Normal,RL,one,finished,251000,6
476,47,8480,216,1,5,6,970,WD,Normal,RL,one,finished,132500,5
477,12,13125,39,2,6,5,1493,WD,Normal,RL,one,finished,208900,7
478,4,13693,84,3,9,5,2643,WD,Normal,RL,two,finished,380000,9
479,2,10637,44,2,8,5,1718,WD,Normal,RL,one,finished,297000,7
481,5,16033,112,2,9,5,1850,WD,Normal,RL,one,finished,326000,8
482,6,11846,49,2,9,5,1792,WD,Normal,RL,one,finished,374000,6
483,5,2500,0,2,7,8,1826,WD,Normal,RM,two,finished,155000,7
484,12,4500,125,2,6,5,1216,WD,Normal,RM,one,finished,164000,5
485,9,7758,132,1,5,7,999,WD,Normal,RL,one,finished,132500,6
486,3,9600,200,1,5,7,1113,WD,Normal,RL,one,finished,147000,5
487,45,10289,0,2,5,7,1073,WD,Normal,RL,one,finished,156000,6
488,39,12243,180,2,5,6,1484,WD,Normal,RL,one,finished,175000,7
490,8,1526,0,1,4,8,630,WD,Normal,RM,split,finished,86000,3
491,34,2665,24,2,5,6,1304,WD,Normal,RM,two,finished,115000,4
492,60,9490,32,1,6,7,1578,WD,Normal,RL,one_and_half,finished,133000,5
493,4,15578,0,3,6,5,1456,New,Partial,RL,two,finished,172785,8
494,50,7931,0,2,5,6,1269,WD,Normal,RL,one,finished,155000,6
495,14,5784,100,1,5,8,886,WD,Normal,RM,one,finished,91300,4
497,17,12692,366,3,8,5,3228,WD,Normal,RL,one,finished,430000,10
498,60,9120,100,2,7,6,1820,WD,Normal,RL,one_and_half,finished,184000,8
499,6,7800,0,1,5,7,899,WD,Normal,RL,one,finished,130000,5
500,25,7535,285,1,5,7,912,WD,Normal,RL,one,finished,120000,5
501,37,1890,28,2,6,5,1218,WD,Normal,RM,two,finished,113000,7
503,45,9170,184,1,5,7,1214,WD,Normal,RL,one,finished,140000,6
504,13,15602,215,2,7,8,1801,WD,Normal,RL,one,finished,289000,6
505,36,2308,0,3,6,5,1322,WD,Normal,RL,two,finished,147000,6
507,16,9554,81,3,8,5,1911,WD,Normal,RL,two,finished,215000,8
509,5,9600,116,2,7,9,1378,WD,Normal,RM,two,finished,161000,7
510,51,9600,88,1,5,6,1041,WD,Normal,RL,one,finished,124500,6
511,10,14559,210,1,5,7,1363,WD,Normal,RL,one,finished,164900,6
512,4,6792,35,2,7,5,1368,New,Partial,RL,one,finished,202665,6
513,52,9100,0,1,5,5,864,WD,Normal,RL,one,finished,129900,5
514,27,9187,158,2,6,5,1080,WD,Normal,RL,one,finished,134000,5
515,60,10594,112,1,5,5,789,WD,Normal,RL,one_and_half,unfinished,96500,5
516,1,12220,54,3,10,5,2020,New,Partial,RL,one,finished,402861,9
518,13,10208,0,3,7,5,2344,WD,Normal,RL,two,finished,265000,7
519,12,9531,36,3,6,5,1796,WD,Normal,RL,two,finished,211000,7
520,6,10918,145,2,7,9,2080,WD,Normal,RL,two,finished,234000,9
521,10,10800,324,2,4,7,1294,WD,Normal,RL,two,finished,106250,7
522,53,11988,40,2,6,6,1244,WD,Normal,RL,one,finished,150000,6
523,60,5000,60,2,6,7,1664,WD,Normal,RM,one_and_half,finished,159000,7
524,2,40094,406,4,10,5,4676,New,Partial,RL,two,finished,184750,11
525,13,11787,60,3,7,5,2398,WD,Normal,RL,two,finished,315750,8
527,10,13300,156,1,5,7,928,WD,Normal,RL,one,finished,132000,4
528,2,14948,66,3,9,5,2713,New,Partial,RL,two,finished,446261,11
529,8,9098,144,1,4,7,605,WD,Normal,RL,one,finished,86000,5
532,11,6155,84,2,6,8,1362,WD,Normal,RM,two,finished,128000,6
533,3,7200,0,1,5,7,827,WD,Normal,RL,one,finished,107500,5
534,60,5000,0,1,1,3,334,WD,Normal,RL,one,finished,39300,2
535,6,9056,35,3,8,5,1414,WD,Normal,RL,two,finished,178000,6
536,19,7000,148,1,5,7,1347,WD,Normal,RL,two,finished,107500,5
537,11,8924,155,3,7,5,1724,WD,Normal,RL,two,finished,188000,8
539,42,11553,0,2,5,5,1159,WD,Normal,RL,one,finished,158000,7
540,8,11423,0,2,8,5,1601,WD,Normal,RL,one,finished,272000,6
541,4,14601,68,2,9,5,1838,WD,Normal,RL,one,finished,315000,8
542,10,11000,56,3,8,5,2285,WD,Normal,RL,two,finished,248000,8
543,11,10140,73,2,7,5,1680,WD,Normal,RL,one,finished,213250,7
544,12,4058,40,1,7,5,767,WD,Normal,RH,split,finished,133000,4
545,4,17104,24,3,7,5,1496,New,Partial,RL,two,finished,179665,7
546,22,13837,0,3,7,5,2183,WD,Normal,RL,one_and_half,finished,229000,9
547,60,8737,182,2,6,7,1635,WD,Normal,RL,one_and_half,finished,210000,6
548,40,7244,0,1,5,7,768,WD,Normal,RL,split,finished,129500,5
549,15,8235,50,1,5,7,825,WD,Normal,RM,one,finished,125000,4
552,53,6000,0,1,5,6,928,WD,Normal,RM,one,finished,112500,5
553,4,11146,39,2,8,5,1717,WD,Normal,RL,one,finished,255500,7
554,7,8777,96,2,4,5,1126,WD,Normal,RL,one,finished,108000,5
555,6,10625,62,3,7,5,2046,WD,Normal,RL,two,finished,284000,8
556,60,6380,116,1,5,6,1048,WD,Normal,RM,one_and_half,unfinished,113000,5
557,53,14850,122,1,5,5,1092,WD,Normal,RL,one,finished,141000,6
559,13,21872,22,3,7,5,1446,WD,Normal,RL,two,finished,175000,6
560,6,3196,20,2,7,5,1557,WD,Normal,RL,one,finished,234000,7
561,14,11341,95,2,5,6,1392,WD,Normal,RL,one,finished,121500,5
562,35,10010,38,1,5,5,1389,WD,Normal,RL,one,finished,170000,6
563,41,13907,0,1,5,6,996,WD,Normal,RL,one,finished,108000,6
564,60,21780,180,2,6,7,1674,WD,Normal,RL,one_and_half,finished,185000,8
565,10,13346,40,3,7,5,2295,WD,Normal,RL,two,finished,268000,9
566,60,6858,202,2,6,4,1647,WD,Normal,RL,two,finished,128000,6
567,3,11198,39,3,9,5,2504,WD,Normal,RL,two,finished,325000,11
568,6,10171,0,2,7,5,1535,WD,Normal,RL,one,finished,214000,7
569,1,12327,40,2,8,8,2132,WD,Normal,RL,one_and_half,finished,316600,5
570,31,7032,0,1,5,5,943,WD,Normal,RL,split,finished,135960,4
571,45,13101,0,2,5,5,1728,WD,Normal,RL,one,finished,142600,10
573,1,13159,114,3,7,5,1692,New,Partial,RL,two,finished,224500,6
574,10,9967,0,3,7,5,1430,WD,Normal,RL,split,finished,170000,8
575,5,10500,0,1,5,7,1109,WD,Normal,RL,split,finished,139000,5
577,60,6292,50,2,7,7,1477,WD,Normal,RL,one_and_half,finished,145000,6
580,56,12150,0,2,5,5,1795,WD,Normal,RM,one_and_half,finished,131500,7
581,23,14585,110,1,6,6,1429,WD,Normal,RL,one,finished,181900,7
582,1,12704,90,3,8,5,2042,New,Partial,RL,one,finished,253293,8
583,20,11841,32,1,6,5,816,WD,Normal,RL,split,finished,118500,5
584,10,13500,502,4,10,9,2775,WD,Normal,RM,two_and_half,unfinished,325000,9
585,15,6120,174,1,4,7,1573,WD,Normal,RM,one_and_half,finished,133000,6
586,4,11443,66,2,8,5,2028,New,Partial,RL,one,finished,369900,7
587,10,10267,112,1,6,7,838,WD,Normal,RL,one,finished,130000,5
588,28,8740,0,1,5,6,860,WD,Normal,RL,split,finished,137000,4
589,7,25095,108,1,5,8,1473,WD,Partial,RL,one,finished,143000,5
590,50,9100,0,1,5,6,935,WD,Normal,RM,one,finished,79500,4
591,6,8320,45,3,7,5,1582,WD,Normal,RL,two,finished,185900,6
593,7,6600,0,1,5,8,816,WD,Normal,RL,one,finished,138000,4
594,7,4435,0,1,6,5,848,WD,Normal,RM,one,finished,140000,4
595,35,7990,0,1,5,6,924,WD,Normal,RL,one,finished,110000,5
596,4,11302,195,2,8,5,1826,New,Partial,RL,one,finished,319000,7
597,17,3600,158,1,6,7,1368,WD,Normal,RM,two,finished,114504,7
598,3,3922,16,2,7,5,1402,New,Partial,RL,one,finished,194201,7
599,33,12984,0,2,5,6,1647,WD,Normal,RL,one,finished,217500,7
601,5,10927,60,3,8,5,1904,WD,Normal,RL,two,finished,275000,8
602,60,9000,288,2,6,6,1375,WD,Normal,RM,one_and_half,finished,141000,6
605,8,12803,36,2,7,5,1494,WD,Normal,RL,one,finished,221000,6
606,20,13600,231,3,7,6,1986,WD,Normal,RL,two,finished,205000,7
607,14,12464,0,1,5,5,1040,WD,Normal,RL,one,finished,152000,6
608,8,7800,0,3,5,8,2008,WD,Normal,RL,two,finished,225000,8
610,49,7943,39,1,4,5,1029,WD,Normal,RL,one,finished,118500,5
611,10,11050,142,3,9,5,2153,WD,Normal,RL,two,finished,313000,8
612,32,10395,0,2,6,6,1032,WD,Normal,RL,split,finished,148000,6
613,9,11885,122,3,8,5,1872,WD,Normal,RL,two,finished,261500,7
614,3,8402,30,1,5,5,1120,New,Partial,RL,one,finished,147000,6
615,38,1491,24,1,4,6,630,WD,Normal,RM,split,finished,75500,3
617,7,7861,75,3,6,5,1509,WD,Normal,RL,two,finished,183200,7
618,56,7227,0,1,6,6,832,WD,Normal,RL,one_and_half,unfinished,105500,4
619,3,11694,368,2,9,5,1828,New,Partial,RL,one,finished,314813,9
620,7,12244,0,3,8,5,2262,WD,Normal,RL,two,finished,305000,10
621,60,8248,100,1,3,3,864,WD,Normal,RL,one,finished,67000,5
622,13,10800,243,3,6,7,2614,WD,Normal,RL,two,finished,240000,9
623,33,7064,0,1,5,6,980,WD,Normal,RL,one,finished,135000,6
625,38,10400,147,3,6,5,1790,WD,Normal,RL,two,finished,165150,8
626,48,10000,385,2,6,6,1116,WD,Normal,RL,one,finished,160000,5
627,32,12342,36,1,5,5,1422,WD,Normal,RL,one,finished,139900,6
628,38,9600,189,1,6,6,1520,WD,Normal,RL,split,finished,153000,7
630,46,9020,0,2,6,5,1350,WD,Normal,RL,split,finished,168500,6
632,4,4590,73,2,8,5,1554,WD,Normal,RL,one,finished,209500,6
634,5,9250,0,1,5,7,1056,WD,Normal,RL,one,finished,139400,6
638,56,6000,0,2,5,4,1387,WD,Normal,RM,one_and_half,finished,93000,7
639,60,8777,164,1,5,7,796,WD,Normal,RL,one,finished,85000,4
640,4,3982,0,2,8,5,1567,New,Partial,RL,one,finished,264561,7
641,6,12677,140,2,8,5,1518,WD,Normal,RL,one,finished,274000,6
643,15,13860,111,3,8,7,2704,WD,Normal,RL,split,finished,345000,9
644,41,10793,0,3,5,5,1620,WD,Normal,RL,two,finished,152000,7
646,39,10530,352,2,6,5,981,WD,Normal,RL,one,finished,143250,5
647,60,7200,27,1,5,5,1048,WD,Normal,RL,one,finished,98300,7
648,57,10452,287,1,6,5,1094,WD,Normal,RL,one,finished,155000,5
649,44,7700,340,2,6,5,1839,WD,Normal,RL,two,finished,155000,7
650,40,1936,0,1,4,6,630,WD,Normal,RM,split,finished,84500,3
652,60,9084,0,1,4,5,1510,WD,Normal,RL,two,finished,108000,7
653,14,8750,120,3,7,5,1716,WD,Normal,RL,two,finished,191000,7
654,15,10320,239,1,6,7,1469,WD,Normal,RM,one_and_half,finished,135000,7
655,15,10437,46,3,8,6,2113,WD,Normal,RL,one,finished,350000,7
657,4,10007,0,2,5,7,1053,WD,Normal,RL,one,finished,145500,5
658,10,7200,112,2,7,6,1502,WD,Normal,RL,two,finished,149000,6
660,11,9937,0,1,5,7,1486,WD,Normal,RL,one,finished,167000,7
661,34,12384,365,3,7,7,1935,WD,Normal,RL,two,finished,197900,7
662,5,46589,76,3,8,7,2448,WD,Normal,RL,two,finished,402000,8
663,42,13560,240,1,6,3,1392,WD,Normal,RL,one,finished,110000,5
664,38,10012,180,2,4,5,1181,WD,Normal,RL,split,finished,137500,6
665,4,20896,267,2,8,5,2097,New,Partial,RL,one,finished,423000,8
666,10,11194,124,3,8,5,1936,WD,Normal,RL,two,finished,230500,7
668,12,8125,42,2,6,5,1679,WD,Normal,RL,one,finished,193500,7
669,23,14175,0,2,5,6,1437,WD,Normal,RL,one,finished,168000,6
670,60,11600,67,1,4,5,1180,WD,Normal,RL,one,finished,137500,5
671,5,8633,35,3,6,5,1476,WD,Normal,RL,two,finished,173500,7
672,60,6629,0,2,6,6,1369,WD,Normal,RH,two,finished,103600,6
673,33,11250,42,2,6,6,1208,WD,Normal,RL,one,finished,165000,6
674,6,14442,287,2,6,7,1839,WD,Normal,RL,one,finished,257500,7
675,45,9200,0,1,6,6,1136,WD,Normal,RL,one,finished,140000,5
676,32,2289,0,3,6,6,1441,WD,Normal,RL,two,finished,148500,7
677,60,9600,90,2,4,2,1774,WD,Normal,RM,two,finished,87000,8
678,4,9022,120,1,5,8,792,WD,Normal,RL,one,finished,109500,5
679,2,11844,82,3,8,5,2046,New,Partial,RL,one,finished,372500,7
680,49,9945,0,1,5,5,988,WD,Normal,RL,one,finished,128500,5
681,30,8012,0,2,6,5,923,WD,Normal,RL,one,finished,143000,5
683,13,2887,0,1,6,5,1291,WD,Normal,RL,one,finished,173000,6
684,8,11248,45,2,9,5,1668,WD,Normal,RL,one,finished,285000,7
685,12,16770,81,3,7,5,1839,WD,Normal,RL,two,finished,221000,7
686,26,5062,0,2,7,5,2090,WD,Normal,RL,two,finished,207500,6
689,3,8089,0,2,8,6,1419,New,Partial,RL,one,finished,392000,7
690,4,7577,28,2,6,5,1362,WD,Normal,RL,one,finished,194700,6
691,6,4426,0,1,6,5,848,WD,Normal,RM,one,finished,141000,3
692,15,21535,50,4,10,6,4316,WD,Normal,RL,two,finished,755000,10
693,20,26178,27,3,7,5,2519,WD,Normal,RL,two,finished,335000,9
695,60,6120,0,2,5,6,1539,WD,Normal,RM,one_and_half,finished,141500,5
696,23,13811,0,2,6,6,1137,WD,Normal,RL,one,finished,176000,5
697,60,6000,129,1,5,7,616,WD,Normal,RM,one,finished,89000,4
698,58,6420,0,1,5,7,1148,WD,Normal,RL,one,finished,123500,6
699,1,8450,144,1,5,8,894,WD,Normal,RL,one,finished,138500,5
701,8,14331,78,2,8,5,1800,WD,Normal,RL,one,finished,312500,7
703,4,12438,100,3,8,5,2576,New,Partial,RL,two,finished,361919,10
704,14,7630,40,2,5,9,1812,WD,Normal,RM,two,finished,140000,8
705,5,8400,179,2,7,5,1484,WD,Normal,RL,one,finished,213000,7
706,60,5600,0,2,4,5,1092,WD,Normal,RM,two,finished,55000,7
707,8,115149,48,2,7,5,1824,WD,Normal,RL,one,finished,302000,5
708,4,6240,38,2,8,5,1324,WD,Normal,RL,one,finished,254000,6
709,3,9018,24,3,7,5,1456,New,Partial,RL,two,finished,179540,8
711,7,4130,0,1,3,6,729,WD,Normal,RL,one,finished,52000,5
713,21,4671,120,2,8,5,1228,WD,Normal,RL,one,finished,189000,5
714,40,9873,288,1,4,5,960,WD,Normal,RL,one,finished,129000,6
715,5,13517,44,3,6,8,1479,WD,Normal,RL,two,finished,130500,6
716,36,10140,0,2,6,5,1350,WD,Normal,RL,one,finished,165000,7
717,12,10800,191,2,7,8,2554,WD,Normal,RM,two,finished,159500,8
718,10,10000,0,2,5,6,1178,WD,Normal,RL,one,finished,157000,5
719,16,10542,370,3,7,5,2418,WD,Normal,RL,two,finished,341000,9
720,41,9920,0,2,5,6,971,WD,Normal,RL,one,finished,128500,5
721,25,6563,262,2,8,5,1742,WD,Normal,RL,one,finished,275000,5
722,6,4426,0,1,6,5,848,WD,Normal,RM,one,finished,143000,3
723,40,8120,0,1,4,7,864,WD,Normal,RL,one,finished,124500,5
724,38,8172,156,2,4,6,1470,WD,Normal,RL,one_and_half,finished,135000,7
725,2,13286,64,2,9,5,1698,WD,Normal,RL,one,finished,320000,8
726,40,6960,0,1,4,6,864,WD,Normal,RL,one,finished,120500,5
727,3,21695,226,2,6,9,1680,WD,Normal,RL,one,finished,222000,5
728,3,7314,0,2,7,5,1232,WD,Normal,RL,one,finished,194500,6
730,60,6240,135,1,4,5,1208,WD,Normal,RM,one_and_half,finished,103000,5
731,14,5389,152,2,8,5,1616,WD,Normal,RL,one,finished,236500,5
732,7,9590,22,2,7,5,1146,WD,Normal,RL,split,finished,187500,6
733,11,11404,84,3,7,5,2031,WD,Normal,RL,two,finished,222500,8
734,27,10000,0,1,5,6,1144,WD,Normal,RL,one,finished,131400,6
736,40,10800,341,2,7,7,1768,WD,Normal,RM,two_and_half,unfinished,163000,6
737,60,8544,0,2,3,4,1040,WD,Normal,RL,one,finished,93500,6
738,5,10463,116,3,8,5,1801,WD,Normal,RL,two,finished,239900,8
740,6,9313,56,3,7,5,1728,WD,Normal,RL,two,finished,190000,7
742,14,6768,0,1,6,8,912,WD,Normal,RL,one,finished,142000,5
743,9,8450,55,2,7,5,1349,WD,Normal,RL,one,finished,179000,6
744,11,12886,100,2,5,6,1464,WD,Normal,RL,split,finished,175000,6
745,17,5395,238,2,8,5,1337,WD,Normal,RL,one,finished,180000,5
746,14,8963,204,4,8,9,2715,WD,Normal,RL,two,finished,299800,11
747,10,8795,54,3,7,5,2256,WD,Normal,RL,two,finished,236000,8
748,7,11700,386,2,7,7,2640,WD,Normal,RM,two,finished,265979,8
749,14,10593,210,2,7,5,1720,WD,Normal,RL,one,finished,260400,7
750,60,8405,185,2,4,3,1529,WD,Normal,RL,one_and_half,finished,98000,9
751,6,8800,160,1,4,7,1140,WD,Normal,RM,one_and_half,finished,96500,7
752,7,7750,48,3,7,5,1320,WD,Normal,RL,two,finished,162000,6
753,13,9236,27,2,6,5,1494,WD,Normal,RL,one,finished,217000,6
754,5,10240,52,3,8,5,2098,WD,Normal,RL,two,finished,275500,8
755,5,7930,48,1,6,8,1026,WD,Normal,RL,one,finished,156000,5
757,3,10769,105,3,8,5,1768,WD,Normal,RL,two,finished,212000,7
760,15,12257,98,3,8,5,2531,WD,Normal,RL,two,finished,290000,9
761,51,9100,0,1,6,6,864,WD,Normal,RL,one,finished,127500,5
762,60,6911,0,1,5,5,1301,WD,Normal,RM,one,finished,100000,5
764,11,9430,308,3,8,5,2365,WD,Normal,RL,two,finished,337000,8
765,14,9549,246,2,8,5,1494,WD,Normal,RL,one,finished,270000,6
766,2,14587,174,2,9,5,1506,New,Partial,RL,one,finished,264132,6
767,22,10421,222,3,7,5,1714,WD,Normal,RL,two,finished,196500,7
768,25,12508,156,2,6,7,1750,WD,Normal,RL,one_and_half,finished,160000,7
769,5,9100,33,2,7,5,1836,WD,Normal,RL,one,finished,216837,8
770,7,53504,246,4,8,5,3279,WD,Normal,RL,two,finished,538000,12
771,28,7252,0,1,5,5,858,WD,Normal,RL,split,finished,134900,5
775,4,14226,45,2,8,5,1973,New,Partial,RL,one,finished,395000,9
776,12,4500,247,2,6,5,1204,WD,Normal,RM,one,finished,162000,5
777,4,11210,59,2,7,5,1614,New,Partial,RL,one,finished,221500,7
778,36,13350,0,1,5,5,894,WD,Normal,RL,one,finished,142500,5
779,33,8400,0,2,5,5,2020,WD,Normal,RH,one,finished,144000,10
780,33,10530,0,1,6,5,1004,WD,Normal,RL,split,finished,135000,4
781,14,7875,21,2,7,5,1253,WD,Normal,RL,one,finished,176000,6
782,18,7153,124,3,6,5,1603,WD,Normal,RL,two,finished,175900,7
783,8,16285,33,2,7,5,1430,WD,Normal,RL,one,finished,187100,6
784,32,9101,30,1,5,6,1110,WD,Normal,RL,split,finished,165500,4
785,9,6300,425,2,6,6,1484,WD,Normal,RM,two_and_half,unfinished,128000,9
786,43,9790,197,2,6,5,1342,WD,Normal,RL,one,finished,161500,7
787,60,10800,196,2,5,6,1652,WD,Normal,RM,one_and_half,finished,139000,7
788,6,10142,45,3,7,5,2084,WD,Normal,RL,two,finished,233000,8
789,10,6000,0,1,4,7,901,WD,Normal,RM,one,finished,107900,4
790,3,12205,168,3,6,8,2087,WD,Normal,RL,two,finished,187500,9
791,4,3182,16,2,7,5,1145,WD,Normal,RL,one,finished,160200,5
792,34,11333,0,1,6,5,1062,WD,Normal,RL,split,finished,146800,5
793,13,9920,130,3,7,5,2013,WD,Normal,RL,two,finished,269790,8
794,3,9158,130,2,8,5,1496,New,Partial,RL,one,finished,225000,7
795,14,10832,46,3,7,5,1895,WD,Normal,RL,two,finished,194500,7
796,29,8400,254,3,6,6,1564,WD,Normal,RL,two,finished,171000,7
797,33,8197,0,2,6,5,1285,WD,Normal,RL,one,finished,143500,7
799,1,13518,78,4,9,5,3140,New,Partial,RL,two,finished,485000,11
800,60,7200,264,2,5,7,1768,WD,Normal,RL,one_and_half,finished,175000,7
801,13,12798,299,3,6,5,1688,WD,Normal,RL,two,finished,200000,8
802,20,4800,0,1,4,7,1196,WD,Normal,RM,one,finished,109900,5
803,5,8199,18,3,7,5,1456,WD,Normal,RL,two,finished,189000,7
804,1,13891,362,4,9,5,2822,New,Partial,RL,two,finished,582933,12
806,2,12274,60,2,7,5,1428,New,Partial,RL,one,finished,227680,6
807,43,9750,0,2,5,5,980,WD,Normal,RL,split,finished,135500,6
808,6,21384,312,2,5,6,1576,WD,Normal,RL,two,finished,223500,6
809,44,13400,0,1,5,5,1086,WD,Normal,RL,split,finished,159950,6
810,45,8100,156,2,5,5,2138,WD,Normal,RM,two_and_half,unfinished,106000,11
811,11,10140,0,2,6,6,1309,WD,Normal,RL,one,finished,181000,5
815,60,8248,96,2,5,7,1250,WD,Normal,RL,one_and_half,finished,116000,7
816,12,12137,34,2,7,5,1661,WD,Normal,RL,one,finished,224900,6
817,56,11425,120,1,5,6,1008,WD,Normal,RL,one,finished,137000,4
818,8,13265,59,2,8,5,1689,WD,Normal,RL,one,finished,271000,7
819,39,8816,0,1,6,7,1052,WD,Normal,RL,split,finished,155000,6
820,0,6371,35,2,7,5,1358,New,Partial,RL,one,finished,224000,6
821,7,7226,45,3,7,5,1640,WD,Normal,RL,two,finished,183000,6
822,57,6000,144,1,4,4,936,WD,Normal,RM,one,finished,93000,4
824,60,9900,0,2,6,7,1489,WD,Normal,RL,one_and_half,finished,139500,7
826,2,14803,45,2,10,5,2084,New,Partial,RL,one,finished,385000,7
827,60,6130,116,1,5,6,784,WD,Normal,RM,one_and_half,unfinished,109500,5
828,9,8529,39,2,7,5,1434,WD,Normal,RL,one,finished,189000,6
831,53,11900,192,2,6,5,1392,WD,Normal,RL,one,finished,166000,6
833,7,9548,39,3,7,6,1829,WD,Normal,RL,two,finished,237000,7
834,46,10004,152,2,6,6,1516,WD,Normal,RL,one,finished,167000,6
835,49,7875,0,1,5,6,1144,WD,Normal,RL,one,finished,139950,6
836,15,9600,0,2,4,7,1067,WD,Normal,RL,one,finished,128000,4
838,37,1680,0,2,6,5,987,WD,Normal,RM,two,finished,100000,5
839,4,9525,0,2,5,6,1099,WD,Normal,RL,one,finished,144000,6
840,15,11767,0,1,5,6,1200,WD,Normal,RL,one_and_half,finished,130500,6
841,60,12155,254,2,6,8,1482,WD,Normal,RH,two,finished,140000,7
842,8,10440,146,2,5,8,1539,WD,Normal,RM,two,finished,157500,8
843,44,9020,129,2,6,7,1165,WD,Normal,RL,split,finished,174900,6
844,49,8000,0,2,5,4,1800,WD,Normal,RL,one,finished,141000,10
845,60,12665,194,2,5,8,1416,WD,Normal,RM,one_and_half,finished,153900,7
846,29,16647,0,2,5,5,1701,WD,Normal,RL,split,finished,171000,6
847,17,9317,264,3,7,5,1775,WD,Normal,RL,two,finished,213000,7
848,38,15523,0,1,5,6,864,WD,Normal,RL,one,finished,133500,5
849,13,45600,215,3,6,8,2358,WD,Normal,RL,one_and_half,finished,240000,10
850,16,9600,100,3,6,7,1855,WD,Normal,RL,split,finished,187000,7
851,7,4435,0,1,6,5,848,WD,Normal,RM,one,finished,131500,3
852,7,3196,20,2,8,5,1456,WD,Normal,RL,one,finished,215000,7
853,60,7128,126,2,7,5,1646,WD,Normal,RL,two_and_half,unfinished,164000,7
854,46,12095,0,2,6,6,1445,WD,Normal,RL,split,finished,158000,7
856,0,6897,104,2,5,8,1040,WD,Normal,RL,one,finished,127000,6
857,32,10970,34,1,6,6,1026,WD,Normal,RL,split,finished,147000,5
858,15,8125,36,3,6,5,1481,WD,Normal,RL,two,finished,174000,6
860,26,11029,287,3,6,7,2654,WD,Normal,RL,two,finished,250000,9
861,12,7642,240,2,7,8,1426,WD,Normal,RL,one_and_half,finished,189950,7
862,45,11625,0,2,5,4,1039,WD,Normal,RL,one,finished,131500,6
863,25,9672,0,2,6,5,1097,WD,Normal,RL,one,finished,152000,6
864,51,7931,0,1,5,5,1148,WD,Normal,RL,one,finished,132500,6
866,40,8750,0,1,5,6,1002,WD,Normal,RL,one,finished,148500,5
867,3,10656,80,2,8,5,1646,New,Partial,RL,one,finished,248900,6
868,49,6970,0,2,4,5,1120,WD,Normal,RL,one,finished,129000,5
869,60,14762,144,2,5,6,2320,WD,Normal,RL,two,finished,169000,7
870,16,9938,90,3,7,5,1949,WD,Normal,RL,two,finished,236000,8
871,48,6600,0,1,5,5,894,WD,Normal,RL,one,finished,109500,5
872,12,8750,77,3,6,5,1682,WD,Normal,RL,two,finished,200500,7
873,14,8892,150,1,5,7,910,WD,Normal,RL,one,finished,116000,5
874,60,12144,28,1,5,7,1268,WD,Normal,RL,one,finished,133000,6
877,47,25286,0,1,4,5,1040,WD,Normal,RL,one,finished,132250,5
878,5,8834,0,3,9,5,2224,WD,Normal,RL,two,finished,350000,10
879,15,11782,0,1,5,7,1155,WD,Normal,RL,split,finished,148000,6
880,5,7000,0,1,5,8,864,WD,Normal,RL,one,finished,136500,6
881,4,7024,49,2,5,5,1090,WD,Normal,RL,one,finished,157000,5
882,19,13758,36,3,7,5,1717,WD,Normal,RL,one_and_half,finished,187500,7
883,17,9636,40,3,6,5,1593,WD,Normal,RL,two,finished,178000,7
884,60,6204,188,1,4,5,2230,WD,Normal,RL,two_and_half,finished,118500,10
885,43,7150,0,1,5,5,892,WD,Normal,RL,one,finished,100000,5
888,55,16466,265,2,5,7,1393,WD,Normal,RL,one_and_half,finished,135500,8
889,40,15865,431,2,8,6,2217,WD,Normal,RL,one,finished,268000,8
890,57,12160,162,1,6,4,1505,WD,Normal,RL,one,finished,149500,6
891,4,8064,0,1,5,7,924,WD,Normal,RL,one_and_half,finished,122900,6
892,32,11184,0,3,6,5,1683,WD,Normal,RL,two,finished,172500,7
893,7,8414,0,1,6,8,1068,WD,Normal,RL,one,finished,154500,6
894,56,13284,116,1,5,5,1383,WD,Normal,RL,one,finished,165000,6
896,47,7056,50,2,6,5,1796,WD,Normal,RL,two,finished,140000,8
899,0,12919,67,3,9,5,2364,New,Partial,RL,one,finished,611657,11
900,16,6993,0,1,5,7,1236,WD,Normal,RL,one,finished,135000,6
901,39,7340,0,1,4,6,858,WD,Normal,RL,one,finished,110000,4
902,10,8712,0,1,5,7,1306,WD,Normal,RL,one,finished,153000,5
903,7,7875,75,3,7,5,1509,WD,Normal,RL,two,finished,180000,8
904,4,14859,60,2,7,5,1670,New,Partial,RL,one,finished,240000,7
905,43,6173,0,1,5,6,902,WD,Normal,RL,one,finished,125500,6
906,56,9920,164,1,5,5,1063,WD,Normal,RL,one,finished,128000,6
907,4,13501,60,2,8,5,1636,WD,Normal,RL,one,finished,255000,8
908,23,11500,322,2,7,7,2057,WD,Normal,RL,one_and_half,finished,250000,6
909,27,8885,0,1,5,5,902,WD,Normal,RL,one,finished,131000,5
910,5,12589,24,3,6,5,1484,WD,Normal,RL,two,finished,174000,8
911,50,11600,0,2,5,5,2274,WD,Normal,RL,two,finished,154300,12
912,21,9286,0,2,5,7,1268,WD,Normal,RL,one,finished,143500,5
914,60,6270,0,2,5,6,2002,WD,Normal,RH,two,finished,145000,8
916,40,2001,0,2,4,5,1092,WD,Normal,RM,two,finished,75000,6
918,54,17140,0,1,4,6,1229,WD,Normal,RL,one,finished,135000,6
919,19,13125,416,3,7,5,2127,WD,Normal,RL,two,finished,238000,8
920,8,11029,241,1,6,8,1414,WD,Normal,RL,one,finished,176500,6
921,16,8462,87,3,6,5,1721,WD,Normal,RL,two,finished,201000,7
922,7,8777,70,4,5,7,2200,WD,Normal,RL,one_and_half,finished,145900,9
923,4,10237,23,2,6,5,1316,New,Partial,RL,one,finished,169990,6
924,16,8012,69,2,6,5,1617,WD,Normal,RL,one,finished,193000,5
925,30,10240,131,2,6,6,1686,WD,Normal,RL,one,finished,207500,7
927,6,11999,100,3,8,5,2374,WD,Normal,RL,two,finished,285000,10
928,42,9900,43,3,7,5,1978,WD,Normal,RL,two,finished,176000,9
929,9,11838,151,2,8,5,1788,WD,Normal,RL,one,finished,236500,7
930,13,13006,0,3,7,5,2236,WD,Normal,RL,two,finished,222000,8
931,3,8925,18,2,8,5,1466,WD,Normal,RL,one,finished,201000,7
932,45,9100,0,1,5,6,925,WD,Normal,RL,one,finished,117500,5
933,4,11670,191,2,9,5,1905,WD,Normal,RL,one,finished,320000,8
934,6,8487,36,2,7,5,1500,WD,Normal,RL,one,finished,190000,6
935,3,27650,0,2,7,7,2069,WD,Normal,RL,one,finished,242000,9
936,57,5825,32,1,4,5,747,WD,Normal,RL,one,finished,79900,5
937,7,10083,41,2,7,5,1200,WD,Normal,RL,one,finished,184900,5
938,5,9675,48,3,7,5,1971,WD,Normal,RL,two,finished,253000,8
939,4,8760,90,3,7,5,1962,New,Partial,RL,two,finished,239799,7
941,34,12640,0,2,6,5,1728,WD,Normal,RL,one,finished,150900,8
942,11,8755,168,3,7,5,2060,WD,Normal,RL,two,finished,214000,8
944,43,25000,0,2,5,4,1632,WD,Normal,RL,one,finished,143000,8
946,14,8820,244,1,5,6,1869,WD,Normal,RM,one_and_half,finished,124900,7
947,51,8163,0,1,5,6,1144,WD,Normal,RL,split,finished,143000,6
948,7,14536,252,2,8,5,1629,WD,Normal,RL,one,finished,270000,9
949,8,14006,96,3,7,5,1776,WD,Normal,RL,two,finished,192500,7
950,4,9360,0,2,6,7,1381,WD,Normal,RL,one,finished,197500,5
951,8,7200,0,1,5,8,864,WD,Normal,RL,one,finished,129000,5
953,7,7200,0,1,5,8,768,WD,Normal,RL,split,finished,133900,5
954,41,11075,189,3,5,4,1968,WD,Normal,RL,two,finished,172000,7
956,60,7136,0,2,6,6,1958,WD,Normal,RH,two,finished,145000,8
957,30,1300,0,2,6,6,1229,WD,Normal,RM,two,finished,124000,5
958,48,7420,0,1,5,5,1057,WD,Normal,RL,one,finished,132000,6
959,7,8450,39,2,7,5,1337,WD,Normal,RL,one,finished,185000,6
961,2,7207,0,1,5,7,858,WD,Normal,RL,one,finished,116500,4
962,15,12227,282,3,6,7,2872,WD,Normal,RL,two,finished,272000,11
963,34,2308,0,3,6,6,1548,WD,Normal,RL,two,finished,155000,7
964,3,11923,136,2,9,5,1800,WD,Normal,RL,one,finished,239000,7
965,7,11316,40,3,7,5,1894,WD,Normal,RL,two,finished,214900,8
966,3,10237,72,3,6,5,1484,New,Partial,RL,two,finished,178900,8
967,60,9600,70,2,5,7,1308,WD,Normal,RL,one_and_half,finished,160000,7
968,55,7390,0,1,5,7,1098,WD,Normal,RL,one,finished,135000,6
972,6,2268,27,2,7,5,1626,WD,Normal,RL,two,finished,173000,6
973,31,7892,0,2,6,5,918,WD,Normal,RL,one,finished,99500,5
975,17,11414,135,1,7,8,2019,WD,Normal,RL,two,finished,167500,8
977,52,5900,0,1,4,7,869,WD,Normal,RL,one,finished,85500,4
980,47,8816,80,1,5,6,1121,WD,Normal,RL,one,finished,139000,5
981,3,12122,76,1,7,9,999,WD,Normal,RL,split,finished,178400,6
982,11,12203,0,3,8,5,2612,WD,Normal,RL,two,finished,336000,8
983,3,3182,16,2,7,5,1266,WD,Normal,RL,one,finished,159895,6
984,8,11250,0,3,8,5,2290,WD,Normal,RL,two,finished,255900,9
987,7,5310,0,1,6,8,1635,WD,Normal,RM,one_and_half,finished,117000,5
988,0,10159,95,3,9,5,1940,New,Partial,RL,one,finished,395192,8
989,34,12046,224,3,6,6,2030,WD,Normal,RL,two,finished,195000,8
991,12,9452,70,3,8,5,2392,WD,Normal,RL,two,finished,348000,7
992,24,17671,169,2,8,9,1742,WD,Normal,RM,two,finished,168000,8
993,17,9760,42,3,6,8,1851,WD,Normal,RL,two,finished,187000,7
994,4,8846,35,3,6,5,1500,New,Partial,RL,two,finished,173900,6
995,3,12456,48,2,10,5,1718,WD,Normal,RL,one,finished,337500,7
998,40,11717,0,2,6,6,1442,WD,Normal,RL,one,finished,185000,6
999,60,9786,148,1,3,4,1077,WD,Normal,RM,one,finished,91000,6
1000,4,6762,61,2,7,5,1208,WD,Normal,RL,one,finished,206000,6
1001,58,10206,0,1,3,3,944,WD,Normal,RL,one,finished,82000,4
1003,4,11957,104,2,8,5,1574,WD,Normal,RL,one,finished,232000,7
1004,34,11500,0,2,5,6,1680,WD,Normal,RL,one,finished,136905,8
1005,4,3182,0,2,7,5,1504,WD,Normal,RL,one,finished,181000,7
1006,33,8385,0,2,5,8,985,WD,Normal,RL,split,finished,149900,6
1007,40,12155,147,2,6,3,1657,WD,Normal,RL,one,finished,163500,7
1008,40,2217,0,2,4,4,1092,WD,Normal,RM,two,finished,88000,6
1009,5,12118,228,2,7,5,1710,WD,Normal,RL,one,finished,240000,7
1010,60,6000,138,2,5,5,1522,WD,Normal,RL,one_and_half,finished,102000,7
1011,60,21286,108,2,5,5,1271,WD,Normal,RL,one_and_half,finished,135000,7
1012,45,9825,0,2,5,5,1664,WD,Normal,RL,one,finished,100000,8
1013,14,10592,165,2,6,7,1502,WD,Normal,RL,two,finished,165000,7
1014,4,7200,256,1,5,4,1022,WD,Normal,RM,one,finished,85000,4
1015,60,11664,130,1,6,5,1082,WD,Normal,RL,one,finished,119200,5
1016,9,8400,45,3,8,6,1665,WD,Normal,RL,two,finished,227000,6
1017,14,11883,66,2,7,5,1504,WD,Normal,RL,one,finished,203000,6
1019,18,10784,0,3,7,5,1472,WD,Normal,RL,split,finished,160000,7
1020,5,3013,20,2,7,5,1506,WD,Normal,RL,one,finished,213490,6
1021,5,7024,64,2,4,5,1132,WD,Normal,RL,one,finished,176000,5
1022,4,7406,54,2,7,5,1220,New,Partial,RL,one,finished,194000,6
1023,60,9439,192,1,5,5,1248,WD,Normal,RM,one_and_half,finished,87000,6
1024,4,3182,20,2,7,5,1504,WD,Normal,RL,one,finished,191000,7
1026,38,7700,0,1,5,5,882,WD,Normal,RL,one,finished,112500,5
1027,50,9300,143,1,5,5,1264,WD,Normal,RL,one,finished,167500,6
1028,2,9520,44,2,8,5,1646,New,Partial,RL,one,finished,293077,7
1029,60,9492,0,1,5,5,1376,WD,Normal,RL,one_and_half,finished,105000,6
1030,38,1680,28,2,6,7,1218,WD,Normal,RM,two,finished,118000,7
1031,15,7082,228,2,5,8,1928,WD,Normal,RH,two,finished,160000,10
1032,40,15863,63,3,7,3,3082,WD,Normal,RL,two_and_half,finished,197000,12
1034,8,8125,136,2,7,5,1654,WD,Normal,RL,one,finished,230000,6
1035,60,6305,0,1,5,7,954,WD,Normal,RL,one,finished,119750,5
1036,53,11500,0,1,4,3,845,WD,Normal,RL,one,finished,84000,5
1037,2,12898,0,2,9,5,1620,WD,Normal,RL,one,finished,315500,6
1038,8,9240,234,3,8,5,2263,WD,Normal,RL,two,finished,287000,7
1039,2,1533,0,2,4,6,1344,WD,Normal,RM,two,finished,97000,6
1040,40,1477,0,1,4,4,630,WD,Normal,RM,split,finished,80000,3
1041,10,13125,0,2,5,4,1803,WD,Normal,RL,one,finished,155000,8
1042,10,9130,40,2,6,8,1632,WD,Normal,RL,two,finished,173000,7
1043,5,5381,63,2,6,5,1306,WD,Normal,RL,one,finished,196000,5
1044,20,11839,121,3,7,5,2329,WD,Normal,RL,two,finished,262280,10
1045,29,9600,120,3,8,5,2524,WD,Normal,RL,one,finished,278000,9
1046,55,13680,0,2,3,5,1733,WD,Normal,RL,one,finished,139600,8
1047,4,16056,108,4,9,5,2868,New,Partial,RL,two,finished,556581,11
1048,15,9245,0,1,5,5,990,WD,Normal,RL,one,finished,145000,5
1049,4,21750,0,1,5,4,1771,WD,Normal,RL,one,finished,115000,9
1051,3,8993,22,2,7,5,1302,New,Partial,RL,one,finished,176485,6
1052,3,11175,20,2,7,5,1316,New,Partial,RL,one,finished,200141,6
1053,32,9500,52,2,6,6,1977,WD,Normal,RL,two,finished,165000,9
1054,8,8562,78,1,5,6,1526,WD,Normal,RL,one,finished,144500,7
1055,8,11367,60,3,8,5,1989,WD,Normal,RL,two,finished,255000,7
1057,5,7052,36,2,7,5,1364,WD,Normal,RL,one,finished,185850,6
1058,16,29959,98,3,7,6,1850,WD,Normal,RL,two,finished,248000,7
1059,2,11308,102,3,9,5,2184,WD,Normal,RL,two,finished,335000,10
1060,60,11275,19,2,6,7,1991,WD,Normal,RL,one_and_half,finished,220000,7
1061,9,4920,170,2,8,5,1338,WD,Normal,RL,one,finished,213500,6
1063,60,13600,57,2,5,5,2337,WD,Normal,RM,two,finished,90000,10
1064,30,6000,120,1,6,6,1103,WD,Normal,RM,one,finished,110500,5
1065,44,11000,58,2,5,6,1154,WD,Normal,RL,one,finished,154000,6
1066,13,14000,44,3,7,5,2260,WD,Normal,RL,two,finished,328000,7
1067,16,7837,40,3,6,7,1571,WD,Normal,RL,two,finished,178000,7
1068,46,9760,317,2,6,6,1611,WD,Normal,RL,two,finished,167900,7
1069,37,3964,20,3,6,4,2521,WD,Normal,RM,two,finished,151400,10
1070,7,9600,0,1,5,7,893,WD,Normal,RL,one_and_half,unfinished,135000,4
1071,54,10152,212,1,5,5,1048,WD,Normal,RL,one,finished,135000,6
1072,42,11700,0,2,6,6,1556,WD,Normal,RL,two,finished,154000,8
1073,60,7585,0,1,5,3,1456,WD,Normal,RL,one_and_half,finished,91500,7
1074,33,7950,0,2,6,6,1426,WD,Normal,RL,two,finished,159500,6
1075,4,8556,93,2,7,5,1240,WD,Normal,RL,one,finished,194000,5
1077,21,10800,21,2,5,8,1466,WD,Normal,RL,one_and_half,finished,170000,7
1079,6,4435,0,1,6,5,848,WD,Normal,RM,one,finished,155900,3
1080,16,8775,64,1,5,5,990,WD,Normal,RL,one,finished,126000,5
1082,47,7500,220,2,5,5,1040,WD,Normal,RL,one,finished,133000,5
1083,8,8749,39,2,7,5,1459,WD,Normal,RL,one,finished,192000,6
1084,46,8800,116,1,6,6,1251,WD,Normal,RL,one,finished,160000,6
1085,14,13031,44,3,6,5,1498,WD,Normal,RL,two,finished,187500,6
1086,18,9069,0,1,6,6,996,WD,Normal,RL,split,finished,147000,5
1087,37,1974,96,2,4,5,1092,WD,Normal,RM,two,finished,83500,6
1089,6,2522,40,2,7,5,1709,WD,Normal,RM,two,finished,137500,7
1091,60,8544,0,2,3,4,1040,WD,Normal,RL,one,finished,92900,6
1093,60,8400,128,2,6,5,1694,WD,Normal,RL,one_and_half,finished,136500,7
1094,12,9230,64,2,5,8,1200,WD,Normal,RL,one,finished,146000,6
1095,10,5868,240,1,5,7,936,WD,Normal,RL,one,finished,129000,4
1096,4,9317,22,2,6,5,1314,WD,Normal,RL,one,finished,176432,6
1097,4,6882,115,2,6,7,1355,WD,Normal,RM,two,finished,127000,7
1098,24,3696,211,2,8,5,1088,WD,Normal,RL,one,finished,170000,5
1099,60,6000,0,1,4,6,1324,WD,Normal,RM,one_and_half,finished,128000,6
1101,60,8400,0,1,2,5,438,WD,Normal,RL,one,finished,60000,3
1102,39,9758,0,1,5,5,950,WD,Normal,RL,one,finished,119500,5
1104,51,8910,192,1,6,6,1194,WD,Normal,RL,one,finished,159500,6
1105,40,2016,0,3,5,5,1302,WD,Normal,RM,two,finished,106000,6
1106,15,12256,32,3,8,5,2622,WD,Normal,RL,two,finished,325000,9
1107,19,10357,244,2,7,5,1442,WD,Normal,RL,one,finished,179900,6
1108,4,23257,100,3,7,5,2021,New,Partial,RL,two,finished,274725,9
1110,5,11362,185,2,8,5,1836,WD,Normal,RL,one,finished,280000,7
1111,14,8000,84,3,6,5,1658,WD,Normal,RL,two,finished,188000,8
1112,34,10480,69,3,7,6,1964,WD,Normal,RL,two,finished,205000,8
1113,53,7100,0,1,5,7,816,WD,Normal,RL,one,finished,129900,5
1114,4,8923,18,1,5,7,1008,WD,Normal,RL,one,finished,134500,6
1115,10,5400,0,1,5,7,833,WD,Normal,RL,one,finished,117000,4
1116,3,12085,0,2,8,5,1734,New,Partial,RL,one,finished,318000,7
1117,8,7750,0,3,8,5,1419,WD,Normal,RL,split,finished,184100,7
1118,7,9764,0,1,5,7,894,WD,Normal,RL,one,finished,130000,5
1119,23,13825,34,1,5,6,1601,WD,Normal,RL,split,finished,140000,6
1120,51,7560,252,1,5,5,1040,WD,Normal,RL,one,finished,133700,6
1121,60,8263,134,1,6,5,1012,WD,Normal,RM,one,finished,118400,6
1122,4,10084,20,2,7,5,1552,New,Partial,RL,one,finished,212900,7
1124,2,9405,200,1,5,9,698,WD,Normal,RL,one,finished,118000,4
1125,18,9125,25,3,7,5,1482,WD,Normal,RL,split,finished,163900,7
1126,55,10434,0,1,4,5,1005,WD,Normal,RL,one,finished,115000,5
1127,3,3684,20,2,7,5,1555,WD,Normal,RL,one,finished,174000,7
1129,5,11796,48,3,7,5,1959,WD,Normal,RL,two,finished,215000,8
1130,30,7200,0,1,5,5,936,WD,Normal,RM,split,finished,140000,4
1131,60,7804,44,2,4,3,1981,WD,Normal,RL,one_and_half,finished,135000,7
1133,60,9900,48,2,6,4,2210,WD,Normal,RM,two,finished,117500,8
1134,15,9828,155,3,8,5,2020,WD,Normal,RL,two,finished,239500,8
1135,13,8773,38,3,6,5,1600,WD,Normal,RL,two,finished,169000,7
1136,60,6180,128,1,6,5,986,WD,Normal,RM,one,finished,102000,5
1138,14,6342,176,1,5,8,1020,WD,Normal,RL,one_and_half,finished,94000,6
1139,33,9819,32,2,6,5,1567,WD,Normal,RL,one,finished,196000,5
1140,60,8731,342,1,5,5,1167,WD,Normal,RL,one,finished,144000,6
1142,34,10304,96,3,5,7,1868,WD,Normal,RL,two,finished,197500,9
1143,3,9965,144,3,8,5,2828,New,Partial,RL,two,finished,424870,11
1144,51,9000,24,1,5,3,1006,WD,Normal,RL,one,finished,80000,5
1145,60,12180,0,1,4,4,924,WD,Normal,RL,one_and_half,finished,80000,5
1147,25,11200,26,2,6,5,1298,WD,Normal,RL,one,finished,180000,5
1148,60,12000,0,2,7,7,1564,WD,Normal,RL,two,finished,174500,7
1149,60,5700,176,1,7,7,1111,WD,Normal,RM,one_and_half,finished,116900,5
1150,22,9000,0,1,7,9,1482,WD,Normal,RM,two,finished,143000,7
1151,60,8280,214,1,6,5,932,WD,Normal,RL,one,finished,124000,4
1152,51,17755,240,2,5,4,1466,WD,Normal,RL,one,finished,149900,6
1154,3,5890,96,1,6,8,816,WD,Normal,RM,one,finished,120500,5
1155,22,13700,357,3,7,6,1820,WD,Normal,RL,two,finished,201800,8
1156,6,10768,201,2,5,8,1437,WD,Normal,RL,one,finished,218000,6
1157,11,9350,188,2,5,8,1265,WD,Normal,RL,split,finished,179900,6
1158,2,5001,62,2,7,5,1314,WD,Normal,RL,one,finished,230000,6
1160,36,9120,69,3,6,6,1876,WD,Normal,RL,two,finished,185000,8
1161,32,2280,0,3,6,5,1456,WD,Normal,RL,two,finished,146000,7
1162,4,14778,216,1,6,7,1640,WD,Normal,RL,one,finished,224000,7
1163,42,8724,0,1,5,5,894,WD,Normal,RL,one,finished,129000,5
1165,32,16157,180,2,5,7,1432,WD,Normal,RL,split,finished,194000,5
1166,1,9541,114,2,7,5,1502,New,Partial,RL,one,finished,233170,7
1167,2,10475,33,2,8,5,1694,WD,Normal,RL,one,finished,245350,7
1168,10,10852,38,3,6,5,1671,WD,Normal,RL,two,finished,173000,7
1169,24,13728,90,2,6,7,2108,WD,Normal,RL,two,finished,235000,7
1170,14,35760,76,4,10,5,3627,WD,Normal,RL,two,finished,625000,10
1171,33,9880,0,1,6,6,1118,WD,Normal,RL,split,finished,171000,6
1172,52,9120,288,1,6,6,1261,WD,Normal,RL,one,finished,163000,6
1174,16,18030,0,3,5,6,3086,WD,Normal,RL,one_and_half,finished,200500,12
1175,60,16560,0,3,6,8,2345,WD,Normal,RL,two,finished,239000,9
1176,10,10678,33,3,8,5,2872,WD,Normal,RL,one_and_half,finished,285000,9
1177,25,6951,0,1,5,5,923,WD,Normal,RL,one,finished,119500,5
1178,6,3950,116,1,6,8,1224,WD,Normal,RM,one_and_half,finished,115000,5
1179,60,7681,102,2,5,6,1343,WD,Normal,RL,one_and_half,finished,154900,7
1180,56,8335,226,1,5,5,1124,WD,Normal,RL,one,finished,93000,5
1181,19,11170,0,3,7,5,2514,WD,Normal,RL,two,finished,250000,8
1182,2,5587,206,2,8,5,1652,New,Partial,RM,one,finished,392500,5
1184,60,10800,0,1,5,6,1130,WD,Normal,RL,one,finished,120000,5
1185,47,35133,526,2,5,4,1572,WD,Normal,RL,one,finished,186700,5
1186,60,9738,236,1,5,7,1221,WD,Normal,RL,one_and_half,finished,104900,7
1188,15,12461,306,2,8,5,1624,WD,Normal,RL,one,finished,262000,5
1189,8,8935,68,3,7,5,1660,WD,Normal,RL,two,finished,195000,7
1190,11,7500,60,3,7,5,1804,WD,Normal,RL,two,finished,189000,7
1191,35,32463,0,1,4,4,1622,WD,Normal,RL,one,finished,168000,7
1193,16,9600,84,1,5,8,1472,WD,Normal,RM,one_and_half,finished,125000,6
1194,11,4500,304,2,6,5,1224,WD,Normal,RM,one,finished,165000,5
1195,41,9364,36,2,6,7,1352,WD,Normal,RL,two,finished,158000,7
1196,5,8029,24,3,6,5,1456,WD,Normal,RL,two,finished,176000,8
1197,4,14054,17,3,7,5,1863,New,Partial,RL,two,finished,219210,9
1199,9,9100,0,2,7,5,1212,WD,Normal,RL,one,finished,178000,6
1200,31,11235,82,2,4,5,1382,WD,Normal,RL,one,finished,148000,6
1202,12,10400,36,3,7,5,1779,WD,Normal,RL,two,finished,197900,6
1203,13,6000,208,1,5,8,1348,WD,Normal,RM,one_and_half,finished,117000,5
1204,9,9750,234,2,7,5,1630,WD,Normal,RL,one,finished,213000,6
1205,35,10140,88,2,5,6,1074,WD,Normal,RL,one,finished,153500,6
1206,19,14684,70,2,7,7,2196,WD,Normal,RL,one,finished,271900,7
1207,44,8900,42,1,4,4,1056,WD,Normal,RH,one,finished,107000,5
1208,7,9135,23,2,6,5,1700,WD,Normal,RL,one,finished,200000,7
1209,30,7763,0,1,5,7,1283,WD,Normal,RL,one,finished,140000,6
1210,4,10182,50,2,8,5,1660,New,Partial,RL,one,finished,290000,8
1211,18,11218,104,3,6,5,1845,WD,Normal,RL,two,finished,189000,8
1212,5,12134,12,2,8,7,1752,WD,Normal,RL,one_and_half,finished,164000,8
1213,60,9340,113,1,4,6,672,WD,Normal,RL,one,finished,113000,4
1215,48,10205,72,1,5,5,999,WD,Normal,RL,split,finished,134500,6
1216,44,7094,0,1,5,5,894,WD,Normal,RL,one,finished,125000,5
1217,32,8930,0,2,6,5,1902,WD,Normal,RM,one_and_half,finished,112000,8
1219,60,6240,0,1,4,5,912,WD,Normal,RM,one_and_half,finished,80500,3
1222,42,8250,63,1,5,5,1211,WD,Normal,RL,one,finished,134000,5
1223,60,10496,0,2,6,6,1846,WD,Normal,RL,one_and_half,finished,143000,7
1224,59,10680,30,2,5,3,2136,WD,Normal,RL,one,finished,137900,7
1225,5,15384,75,3,7,5,1490,WD,Normal,RL,two,finished,184000,8
1226,52,10482,0,1,6,8,1138,WD,Normal,RL,split,finished,145000,6
1227,3,14598,18,3,6,5,1933,WD,Normal,RL,two,finished,214000,9
1228,2,8872,240,1,5,8,912,WD,Normal,RL,one,finished,147000,5
1229,2,8769,296,2,9,5,1702,New,Partial,RL,one,finished,367294,7
1230,50,7910,0,2,5,5,1507,WD,Normal,RL,split,finished,127000,7
1231,33,18890,169,4,5,5,2620,WD,Normal,RL,one_and_half,finished,190000,12
1232,48,7728,18,1,5,6,1190,WD,Normal,RL,split,finished,132500,6
1233,48,9842,0,2,4,5,1224,WD,Normal,RL,one,finished,101800,6
1236,60,13132,40,2,5,5,1784,WD,Normal,RL,two,finished,138887,9
1237,7,2628,27,3,7,5,1626,WD,Normal,RL,two,finished,175500,6
1238,5,12393,48,3,7,5,1948,WD,Normal,RL,two,finished,195000,8
1240,4,9037,33,2,8,5,1484,WD,Normal,RL,one,finished,265900,6
1241,7,8158,63,3,7,5,1768,WD,Normal,RL,two,finished,224900,8
1242,3,9849,56,2,7,6,1689,New,Partial,RL,one,finished,248328,7
1244,4,13891,229,3,10,5,2076,New,Partial,RL,one,finished,465000,7
1245,60,11435,0,1,8,7,1517,WD,Normal,RL,two,finished,230000,7
1248,34,12328,0,1,6,5,1034,WD,Normal,RL,split,finished,169900,6
1249,60,9600,259,2,6,5,2058,WD,Normal,RM,two_and_half,unfinished,129500,8
1250,60,7200,80,1,5,7,988,WD,Normal,RL,one,finished,119000,6
1251,42,11160,0,3,7,5,2110,WD,Normal,RL,one,finished,244000,8
1252,7,3136,36,2,7,5,1405,WD,Normal,RL,one,finished,171750,6
1253,42,9858,0,1,5,6,874,WD,Normal,RL,one,finished,130000,5
1254,7,17542,47,3,7,7,2167,WD,Normal,RL,two,finished,294000,9
1255,6,6931,128,3,7,5,1656,WD,Normal,RL,two,finished,165400,7
1256,60,6240,120,1,6,6,1367,WD,Normal,RM,one_and_half,finished,127500,6
1257,16,14303,36,2,8,5,1987,WD,Normal,RL,one,finished,301500,7
1258,60,4060,96,1,5,8,864,WD,Normal,RL,one,finished,99900,4
1259,5,9587,0,2,7,5,1166,WD,Normal,RL,split,finished,190000,5
1260,41,9750,80,2,6,8,1054,WD,Normal,RL,one,finished,151000,6
1261,11,24682,103,3,6,5,1675,WD,Normal,RL,two,finished,181000,7
1262,54,9600,0,1,5,6,1050,WD,Normal,RL,one,finished,128900,5
1263,21,11250,0,1,4,5,1788,WD,Normal,RL,one_and_half,finished,161500,8
1264,60,13515,126,1,6,6,1824,WD,Normal,RL,two,finished,180500,8
1267,60,10120,264,2,7,4,1889,WD,Normal,RM,two_and_half,unfinished,122000,9
1268,1,13214,76,2,9,5,2018,WD,Normal,RL,one,finished,378500,10
1269,13,14100,12,4,8,9,3447,WD,Normal,RL,one_and_half,finished,381000,11
1270,52,11344,0,2,5,5,1524,WD,Normal,RL,one_and_half,finished,144000,7
1271,31,23595,0,1,7,6,1524,WD,Normal,RL,one,finished,260000,4
1272,42,9156,0,2,6,7,1489,WD,Normal,RL,one,finished,185750,7
1273,45,13526,0,1,5,6,935,WD,Normal,RL,one,finished,137000,5
1274,4,11512,163,1,6,7,1357,WD,Normal,RL,split,finished,177000,5
1275,7,5362,81,2,5,6,1250,WD,Normal,RL,one_and_half,finished,139000,8
1276,60,11345,0,2,5,5,1920,WD,Normal,RL,two,finished,137000,10
1277,38,12936,116,2,6,6,1395,WD,Normal,RL,two,finished,162000,6
1278,34,17871,0,2,6,5,1724,WD,Normal,RL,split,finished,197900,7
1279,8,9473,211,3,8,5,2031,WD,Normal,RL,two,finished,237000,7
1281,8,9808,72,2,7,5,1573,WD,Normal,RL,one,finished,227000,6
1282,20,8049,148,2,7,5,1339,WD,Normal,RL,one,finished,180000,6
1283,2,8800,288,2,5,7,1040,WD,Normal,RL,one,finished,150500,5
1284,39,9400,0,4,6,5,1824,WD,Normal,RL,two,finished,139000,8
1285,20,9638,158,2,6,7,2447,WD,Normal,RL,one_and_half,finished,169000,10
1286,60,6000,0,1,6,6,1412,WD,Normal,RM,one_and_half,finished,132500,6
1287,47,9790,26,2,6,5,1328,WD,Normal,RL,one,finished,143000,6
1288,46,36500,198,2,5,5,1582,WD,Normal,RL,one,finished,190000,7
1289,10,5664,59,2,8,5,1659,WD,Normal,RL,one,finished,278000,5
1290,4,11065,74,3,8,5,1970,New,Partial,RL,two,finished,281000,8
1291,46,14112,0,1,5,7,1152,WD,Normal,RL,split,finished,180500,6
1292,38,1680,0,3,5,7,1302,WD,Normal,RM,two,finished,119500,6
1293,45,6600,287,2,5,4,2372,WD,Normal,RM,two,finished,107500,11
1294,34,10140,287,3,7,5,1664,WD,Normal,RL,two,finished,162900,8
1295,20,8172,0,1,5,7,864,WD,Normal,RL,one,finished,115000,5
1296,42,8400,0,2,5,5,1052,WD,Normal,RL,one,finished,138500,5
1297,47,8700,143,2,5,6,1128,WD,Normal,RL,one,finished,155000,6
1298,4,3675,44,2,6,5,1072,New,Partial,RM,split,finished,140000,5
1299,2,63887,292,3,10,5,5642,New,Partial,RL,two,finished,160000,12
1300,16,7500,0,2,5,7,1246,WD,Normal,RL,one,finished,154000,6
1301,11,10762,0,3,7,5,1983,WD,Normal,RL,two,finished,225000,9
1302,60,7500,224,1,6,7,1494,WD,Normal,RL,two,finished,177500,7
1303,16,10120,78,3,8,5,2526,WD,Normal,RL,two,finished,290000,8
1304,5,8688,59,2,7,5,1616,WD,Normal,RL,one,finished,232000,7
1305,6,3363,40,2,7,5,1708,WD,Normal,RM,two,finished,130000,7
1306,3,13173,102,2,9,5,1652,WD,Normal,RL,one,finished,325000,6
1307,4,6955,35,2,7,5,1368,New,Partial,RL,one,finished,202500,6
1308,15,8072,64,1,5,5,990,WD,Normal,RL,one,finished,138000,5
1309,5,12000,36,1,5,7,1122,WD,Normal,RM,one,finished,147000,6
1310,19,7153,51,2,6,5,1294,WD,Normal,RL,one,finished,179200,6
1311,8,17500,369,2,7,8,1902,WD,Normal,RL,one,finished,335000,7
1312,3,8814,98,2,7,5,1274,New,Partial,RL,one,finished,203000,6
1313,20,9572,0,3,8,5,2810,WD,Normal,RL,two,finished,302000,9
1314,11,14774,30,3,9,5,2599,WD,Normal,RL,two,finished,333168,10
1315,56,8190,36,1,4,6,948,WD,Normal,RL,one,finished,119000,5
1316,41,11075,0,3,6,5,2112,WD,Normal,RL,two,finished,206900,9
1317,2,10226,42,2,8,5,1630,WD,Normal,RL,one,finished,295493,8
1319,8,14781,150,2,8,5,1787,WD,Normal,RL,one,finished,275000,7
1320,56,10215,0,1,4,5,948,WD,Normal,RL,one,finished,111000,5
1321,53,8400,216,2,6,3,1478,WD,Normal,RL,one,finished,156500,6
1322,60,6627,0,1,3,6,720,WD,Normal,RL,one,finished,72500,4
1323,18,10186,39,3,7,5,1923,WD,Normal,RL,two,finished,190000,8
1324,60,5330,0,1,4,7,708,WD,Normal,RL,one,finished,82500,5
1325,3,9986,49,2,8,5,1795,New,Partial,RL,one,finished,147000,7
1326,60,3636,100,1,4,4,796,WD,Normal,RM,one,finished,55000,5
1327,4,4270,286,1,3,6,774,WD,Normal,RH,one,finished,79000,6
1328,2,6600,0,1,5,9,816,WD,Normal,RL,one,finished,130500,5
1330,12,9084,28,3,7,5,1632,WD,Normal,RL,two,finished,176500,8
1331,4,10000,45,2,8,5,1588,WD,Normal,RL,one,finished,227000,7
1332,34,10780,0,1,5,5,954,WD,Normal,RL,split,finished,132500,6
1333,52,8877,0,1,4,6,816,WD,Normal,RL,one,finished,100000,3
1334,15,7200,255,2,5,6,1360,WD,Normal,RM,one_and_half,finished,125500,6
1335,40,2368,36,2,5,6,1365,WD,Normal,RM,two,finished,125000,7
1336,33,9650,16,2,6,5,1334,WD,Normal,RL,one,finished,167900,6
1337,37,9246,211,2,5,5,1656,WD,Normal,RL,one,finished,135000,8
1338,60,4118,20,1,4,4,693,WD,Normal,RM,one,finished,52500,4
1339,8,13450,91,3,7,5,1861,WD,Normal,RL,two,finished,200000,8
1340,38,9560,0,1,5,7,864,WD,Normal,RL,one,finished,128500,5
1341,39,8294,0,1,4,5,872,WD,Normal,RL,one,finished,123000,5
1342,6,13695,78,1,6,5,1114,WD,Normal,RL,one,finished,155000,6
1343,8,9375,87,3,8,5,2169,WD,Normal,RL,two,finished,228500,7
1344,60,7558,0,2,6,6,1913,WD,Normal,RL,one_and_half,finished,177000,9
1345,4,11103,0,3,7,5,1456,New,Partial,RL,two,finished,155835,8
1346,60,6000,168,1,4,4,960,WD,Normal,RM,one,finished,108500,5
1347,7,20781,370,2,7,7,2156,WD,Normal,RL,one,finished,262500,9
1348,3,15306,0,2,8,5,1776,New,Partial,RL,one,finished,283463,7
1349,12,16196,25,2,7,5,1494,WD,Normal,RL,one,finished,215000,5
1350,23,5250,74,2,8,5,2358,WD,Normal,RM,two,finished,122000,8
1351,41,11643,0,4,5,5,2634,WD,Normal,RL,two,finished,200000,12
1352,48,9247,204,2,6,6,1716,WD,Normal,RL,two,finished,171000,8
1353,10,6000,0,1,6,9,1176,WD,Normal,RM,one_and_half,finished,134900,4
1354,14,14720,86,3,8,5,3238,WD,Normal,RL,one_and_half,finished,410000,9
1355,10,10316,184,3,7,5,1865,WD,Normal,RL,two,finished,235000,7
1356,18,10192,98,3,7,6,1920,WD,Normal,RL,split,finished,170000,8
1357,44,9477,0,1,5,5,892,WD,Normal,RL,one,finished,110000,5
1358,2,12537,0,2,5,6,1078,WD,Normal,RL,one,finished,149900,6
1360,5,16737,45,2,9,5,1980,WD,Normal,RL,one,finished,315000,8
1361,12,9842,301,4,5,6,2601,WD,Normal,RL,two,finished,189000,8
1362,5,16158,36,2,7,5,1530,WD,Normal,RL,one,finished,260000,7
1363,3,12513,0,2,4,4,1738,WD,Normal,RL,one_and_half,finished,104900,7
1364,3,8499,36,3,6,5,1412,New,Partial,RL,two,finished,156932,6
1368,33,2665,26,2,5,6,1475,WD,Normal,RM,two,finished,127000,6
1369,6,4435,0,1,6,5,848,WD,Normal,RM,one,finished,144000,4
1370,7,10635,262,2,8,5,1668,WD,Normal,RL,one,finished,232000,8
1371,60,5400,198,1,4,6,1374,WD,Normal,RL,one_and_half,finished,105000,6
1372,14,9600,206,1,6,6,1661,WD,Normal,RL,split,finished,165500,8
1373,12,9750,170,3,7,6,2097,WD,Normal,RL,two,finished,274300,8
1374,8,11400,140,3,10,5,2633,WD,Normal,RL,one,finished,466500,8
1376,3,10991,36,2,8,5,1571,New,Partial,RL,one,finished,239000,7
1377,60,6292,141,1,6,5,790,WD,Normal,RL,one,finished,91000,4
1378,50,10998,68,2,5,5,1604,WD,Normal,RL,one_and_half,finished,117000,6
1379,37,1953,0,2,6,5,987,WD,Normal,RM,two,finished,83000,5
1380,3,9735,0,3,5,5,1394,WD,Normal,RL,split,finished,167500,7
1381,60,8212,96,1,3,3,864,WD,Normal,RL,one,finished,58500,5
1382,40,12925,42,3,6,7,2117,WD,Normal,RL,one,finished,237500,7
1383,60,7200,221,2,7,7,1762,WD,Normal,RM,two,finished,157000,8
1384,3,25339,112,2,5,7,1416,WD,Normal,RL,one,finished,112000,7
1385,60,9060,0,1,6,5,1258,WD,Normal,RL,one_and_half,finished,105000,6
1386,3,5436,96,1,4,8,1154,WD,Normal,RM,one_and_half,finished,125500,7
1387,32,16692,552,4,7,5,2784,WD,Normal,RL,two,finished,250000,12
1389,3,14892,39,2,9,5,1746,WD,Normal,RL,one,finished,377500,7
1390,60,6000,0,1,6,6,1218,WD,Normal,RM,one_and_half,finished,131000,6
1391,10,9100,36,2,7,5,1525,WD,Normal,RL,one,finished,235000,6
1392,43,8944,152,2,5,5,1584,WD,Normal,RL,one,finished,124000,8
1393,43,7838,144,1,5,5,900,WD,Normal,RL,split,finished,123000,6
1394,10,10800,237,2,6,7,1912,WD,Normal,RM,one_and_half,finished,163000,7
1395,4,4045,20,2,7,5,1500,New,Partial,RL,one,finished,246578,6
1396,4,12665,39,3,8,5,2482,WD,Normal,RL,two,finished,281213,9
1397,60,57200,50,1,5,5,1687,WD,Normal,RL,one,finished,160000,7
1398,6,6120,150,2,5,8,1513,WD,Normal,RM,two,finished,137500,8
1399,28,7200,168,2,5,4,1904,WD,Normal,RL,one_and_half,finished,138000,7
1400,20,6171,16,3,6,6,1608,WD,Normal,RL,one_and_half,finished,137450,7
1401,60,6000,112,1,6,7,1158,WD,Normal,RM,one_and_half,finished,120000,5
1402,6,7415,75,3,6,5,1593,WD,Normal,RL,two,finished,193000,8
1403,4,6762,55,2,7,5,1294,New,Partial,RL,one,finished,193879,6
1404,3,15256,160,2,8,5,1464,WD,Normal,RL,one,finished,282922,6
1406,5,3842,208,2,8,5,1646,WD,Normal,RM,one,finished,275000,5
1407,3,8445,0,1,5,7,768,WD,Normal,RL,split,finished,133000,5
1408,25,8780,0,1,5,5,833,WD,Normal,RL,one,finished,112000,5
1409,60,7740,168,1,4,7,1363,WD,Normal,RM,two,finished,125500,6
1410,19,20544,63,3,7,6,2093,WD,Normal,RL,two,finished,215000,7
1411,9,12420,45,3,7,5,1840,WD,Normal,RL,two,finished,230000,6
1412,5,9600,0,2,6,8,1668,WD,Normal,RL,one_and_half,finished,140000,6
1413,60,7200,0,2,4,5,1040,WD,Normal,RL,one,finished,90000,6
1415,10,13053,220,2,6,7,1848,WD,Normal,RL,one_and_half,finished,207000,8
1416,3,3635,20,2,7,5,1569,WD,Normal,RL,one,finished,175900,7
1417,60,11340,114,2,4,6,2290,WD,Normal,RM,two,finished,122500,11
1418,12,16545,126,3,8,5,2450,WD,Normal,RL,two,finished,340000,7
1420,41,16381,289,2,6,5,1844,WD,Normal,RL,one,finished,223000,7
1421,42,11700,288,3,6,6,1416,WD,Normal,RL,two,finished,179900,7
1422,33,4043,220,2,6,5,1069,WD,Normal,RL,one,finished,127500,4
1423,7,4435,0,1,6,5,848,WD,Normal,RM,one,finished,136500,3
1425,27,9503,28,1,5,5,1344,WD,Normal,RL,one,finished,144000,6
1426,51,10721,39,1,6,6,1252,WD,Normal,RL,one,finished,142000,7
1427,16,10944,132,3,7,5,2127,WD,Normal,RL,two,finished,271000,5
1428,60,10930,0,2,5,6,1558,WD,Normal,RL,one_and_half,finished,140000,6
1430,29,12546,99,2,6,7,1440,WD,Normal,RL,one,finished,182900,7
1431,5,21930,40,3,5,5,1838,WD,Normal,RL,two,finished,192140,7
1432,34,4928,60,2,6,6,958,WD,Normal,RL,one,finished,143750,5
1433,3,10800,0,2,4,6,968,WD,Normal,RL,one,finished,64500,5
1434,10,10261,0,3,6,5,1792,WD,Normal,RL,two,finished,186500,8
1435,33,17400,41,2,5,5,1126,WD,Normal,RL,one,finished,160000,5
1437,39,9000,0,1,4,6,864,WD,Normal,RL,one,finished,120500,5
1438,2,12444,370,2,8,5,1932,New,Partial,RL,one,finished,394617,7
1439,14,7407,316,1,6,7,1236,WD,Normal,RM,one,finished,149700,6
1440,31,11584,304,3,7,6,1725,WD,Normal,RL,split,finished,197000,6
1441,16,11526,0,2,6,7,2555,WD,Normal,RL,two_and_half,finished,191000,11
1442,6,4426,0,1,6,5,848,WD,Normal,RM,one,finished,149300,3
1444,60,8854,138,1,6,6,952,WD,Normal,RL,one_and_half,unfinished,121000,4
1445,6,8500,60,2,7,5,1422,WD,Normal,RL,one,finished,179600,7
1446,44,8400,252,1,6,5,913,WD,Normal,RL,split,finished,129000,6
1447,48,26142,39,1,5,7,1188,WD,Normal,RL,one,finished,157900,6
1448,14,10000,65,3,8,5,2090,WD,Normal,RL,two,finished,240000,8
1449,10,11767,24,2,4,7,1346,WD,Normal,RL,two,finished,112000,6
1451,36,9000,45,4,5,5,1792,WD,Normal,RL,two,finished,136000,8
1452,1,9262,36,2,8,5,1578,New,Partial,RL,one,finished,287090,7
1453,5,3675,28,1,5,5,1072,WD,Normal,RM,split,finished,145000,5
1456,10,7917,40,3,6,5,1647,WD,Normal,RL,two,finished,175000,7
1457,22,13175,0,2,6,6,2073,WD,Normal,RL,one,finished,210000,7
1458,4,9042,60,2,7,9,2340,WD,Normal,RL,two,finished,266500,9
1459,14,9717,112,1,5,6,1078,WD,Normal,RL,one,finished,142125,5
1460,45,9937,68,2,5,6,1256,WD,Normal,RL,one,finished,147500,6
