Id,CurrentAge,LotArea,PorchArea,TotalBaths,OverallQual,OverallCond,GrLivArea,SaleType,SaleCondition,MSZoning,Story,StoryFinish,SalePrice,TotRmsAbvGrd,SalePrice_pred
1,7,8450,61,3,7,5,1710,WD,Normal,RL,two,finished,208500,8,205857.0
2,34,9600,0,2,6,8,1262,WD,Normal,RL,one,finished,181500,6,157443.0
3,8,11250,42,3,7,5,1786,WD,Normal,RL,two,finished,223500,6,212771.0
5,10,14260,84,3,8,5,2198,WD,Normal,RL,two,finished,250000,9,311374.0
6,15,14115,350,2,5,5,1362,WD,Normal,RL,one_and_half,finished,143000,5,159551.0
7,5,10084,57,2,8,5,1694,WD,Normal,RL,one,finished,307000,7,252941.0
8,37,10382,432,3,7,6,2090,WD,Normal,RL,two,finished,200000,7,213651.0
10,60,7420,4,1,5,6,1077,WD,Normal,RL,one_and_half,unfinished,118000,5,121319.0
11,45,11200,0,1,5,5,1040,WD,Normal,RL,one,finished,129500,5,130227.0
12,4,11924,21,3,9,5,2324,New,Partial,RL,two,finished,345000,11,364997.0
13,48,12968,176,1,5,6,912,WD,Normal,RL,one,finished,144000,4,133798.0
14,3,10652,33,2,7,5,1494,New,Partial,RL,one,finished,279500,7,207062.0
15,50,10920,389,2,6,5,1253,WD,Normal,RL,one,finished,157000,5,150172.0
16,9,6120,112,1,7,8,854,WD,Normal,RM,one_and_half,unfinished,132000,5,141785.0
17,40,11241,0,1,6,7,1004,WD,Normal,RL,one,finished,149000,5,140354.0
18,43,10791,0,2,4,5,1296,WD,Normal,RL,one,finished,90000,6,126734.0
19,6,13695,102,2,5,5,1114,WD,Normal,RL,one,finished,159000,6,153445.0
21,4,14215,154,4,8,5,2376,New,Partial,RL,two,finished,325300,9,346429.0
22,60,7449,205,1,7,7,1108,WD,Normal,RM,one_and_half,unfinished,139400,6,133719.0
23,8,9742,159,2,8,5,1795,WD,Normal,RL,one,finished,230000,7,246603.0
24,34,4224,110,1,5,7,1060,WD,Normal,RM,one,finished,129900,6,112690.0
25,9,8246,90,1,5,8,1060,WD,Normal,RL,one,finished,154000,6,141368.0
26,3,14230,56,2,8,5,1600,WD,Normal,RL,one,finished,256300,7,276920.0
27,10,7200,32,1,5,7,900,WD,Normal,RL,one,finished,134800,5,127609.0
28,2,11478,50,2,8,5,1704,WD,Normal,RL,one,finished,306000,7,278116.0
29,13,16321,258,1,5,6,1600,WD,Normal,RL,one,finished,207500,6,177105.0
30,60,6324,87,1,4,6,520,WD,Normal,RM,one,finished,68500,4,78363.0
32,4,8544,65,2,5,6,1228,WD,Normal,RL,one,finished,149350,6,147185.0
33,3,11049,30,2,8,5,1234,WD,Normal,RL,one,finished,179900,7,223290.0
34,51,10552,38,2,5,5,1700,WD,Normal,RL,one,finished,165500,6,146545.0
35,5,7313,47,2,9,5,1561,WD,Normal,RL,one,finished,277500,6,278388.0
36,5,13418,32,4,8,5,2452,WD,Normal,RL,two,finished,309000,9,331742.0
37,15,10859,64,2,5,5,1097,WD,Normal,RL,one,finished,145000,6,143049.0
38,20,8532,0,1,5,6,1297,WD,Normal,RL,one,finished,153000,5,143841.0
42,51,16905,104,2,5,6,1328,WD,Normal,RL,one,finished,170000,5,156202.0
43,27,9180,0,1,5,7,884,WD,Normal,RL,split,finished,144000,5,125086.0
44,30,9200,0,1,5,6,938,WD,Normal,RL,one,finished,130250,5,128459.0
45,51,7945,0,1,5,6,1150,WD,Normal,RL,one,finished,141000,6,133973.0
46,5,7658,82,2,9,5,1752,WD,Normal,RL,one,finished,319900,6,292115.0
49,2,4456,102,2,4,5,1452,New,Partial,RM,two,finished,113000,8,139770.0
50,44,7742,0,1,5,7,955,WD,Normal,RL,one,finished,127000,6,124517.0
51,13,13869,75,2,6,6,1470,WD,Normal,RL,two,finished,177000,6,183022.0
52,60,6240,0,1,6,6,1176,WD,Normal,RM,one_and_half,finished,114500,6,119852.0
53,47,8472,0,1,5,5,816,WD,Normal,RM,one,finished,110000,5,98610.0
54,23,50271,72,1,9,5,1842,WD,Normal,RL,one,finished,385000,5,342830.0
55,55,7134,50,1,5,5,1360,WD,Normal,RL,split,finished,130000,6,129947.0
56,46,10175,407,2,6,5,1425,WD,Normal,RL,one,finished,180500,7,156367.0
58,6,11645,70,3,7,5,1720,WD,Normal,RL,two,finished,196500,7,215888.0
59,4,13682,37,4,10,5,2945,New,Partial,RL,two,finished,438780,10,456641.0
60,38,7200,0,1,5,7,780,WD,Normal,RL,one,finished,124900,4,114820.0
61,6,13072,50,2,6,5,1158,New,Partial,RL,one,finished,158000,5,170425.0
62,14,7200,144,1,5,7,1111,WD,Normal,RM,two_and_half,unfinished,101000,6,121819.0
63,4,6442,49,2,8,5,1370,WD,Normal,RL,one,finished,202500,6,224994.0
64,60,10300,75,2,7,6,1710,WD,Normal,RM,two,finished,140000,9,147614.0
65,12,9375,36,3,7,5,2034,WD,Normal,RL,two,finished,219500,8,225808.0
66,5,9591,151,3,8,5,2473,WD,Normal,RL,two,finished,317000,9,305022.0
67,21,19900,0,2,7,5,2207,WD,Normal,RL,one,finished,180000,7,248343.0
68,7,10665,29,2,7,5,1479,WD,Normal,RL,one,finished,226000,7,195896.0
69,60,4608,0,1,4,6,747,WD,Normal,RM,one,finished,80000,4,74278.0
70,57,15593,135,2,7,4,2287,WD,Normal,RL,one_and_half,finished,225000,7,218316.0
71,37,13651,0,2,7,6,2223,WD,Normal,RL,one,finished,244000,8,226611.0
72,4,7599,0,1,4,6,845,WD,Normal,RL,one,finished,129500,4,118450.0
73,12,10141,385,3,7,5,1718,WD,Normal,RL,two,finished,185000,7,207878.0
74,7,10200,0,1,5,7,1086,WD,Normal,RL,one,finished,144900,6,144172.0
75,60,5790,202,2,3,6,1605,WD,Normal,RM,two,finished,107400,8,114441.0
76,37,1596,101,1,4,5,988,WD,Normal,RM,split,finished,91000,5,83744.0
77,54,8475,0,1,4,7,952,WD,Normal,RL,one,finished,135750,4,111700.0
78,9,8635,0,1,5,5,1285,WD,Normal,RM,one_and_half,finished,127000,6,127896.0
79,42,10778,0,2,4,5,1768,WD,Normal,RL,one,finished,136500,8,141665.0
80,29,10440,128,2,5,6,1230,WD,Normal,RM,two,finished,110000,5,124710.0
81,42,13000,324,3,6,6,2142,WD,Normal,RL,two,finished,193500,8,200830.0
82,12,4500,199,2,6,5,1337,WD,Normal,RM,one,finished,153500,5,140607.0
83,3,10206,99,2,8,5,1563,WD,Normal,RL,one,finished,245000,6,252667.0
85,14,8530,72,3,7,5,1474,WD,Normal,RL,split,finished,168500,7,186064.0
86,18,16059,82,3,8,5,2417,WD,Normal,RL,two,finished,260000,9,317335.0
87,5,11911,38,3,6,5,1560,WD,Normal,RL,two,finished,174000,6,186933.0
90,15,8070,0,1,4,5,990,WD,Normal,RL,one,finished,123600,5,120662.0
91,60,7200,29,1,4,5,1040,WD,Normal,RL,one,finished,109900,4,96560.0
93,4,13360,44,1,5,7,964,WD,Normal,RL,one,finished,163500,5,144838.0
95,13,9337,162,3,6,5,1786,WD,Normal,RL,two,finished,204750,7,184976.0
96,17,9765,63,3,6,8,1470,WD,Normal,RL,two,finished,185000,6,170951.0
97,11,10264,29,2,7,5,1588,WD,Normal,RL,one,finished,214000,6,204566.0
98,45,10921,0,1,4,5,960,WD,Normal,RL,one,finished,94750,6,115461.0
100,51,9320,0,2,4,5,1225,WD,Normal,RL,one,finished,128950,6,121845.0
101,9,10603,68,2,6,7,1610,WD,Normal,RL,one,finished,205000,6,185677.0
102,25,9206,46,3,6,5,1732,WD,Normal,RL,two,finished,178000,7,175055.0
104,1,10402,36,2,7,5,1226,WD,Normal,RL,one,finished,198900,6,203032.0
105,60,7758,184,2,7,4,1818,WD,Normal,RM,one_and_half,finished,169500,7,133790.0
107,15,10800,0,1,4,7,1047,WD,Normal,RM,one,finished,100000,6,117223.0
108,60,6000,0,1,5,5,789,WD,Partial,RM,one,finished,115000,5,89200.0
109,5,8500,144,2,5,7,1517,WD,Normal,RM,one_and_half,finished,115000,7,140211.0
111,38,9525,0,2,6,4,1855,WD,Normal,RL,one_and_half,finished,136900,7,158779.0
112,10,7750,0,3,7,5,1430,WD,Normal,RL,split,finished,180000,7,184171.0
113,3,9965,352,3,7,5,2696,New,Partial,RL,two,finished,383970,10,289196.0
115,8,7259,0,3,6,8,2320,WD,Normal,RL,two,finished,259500,9,216579.0
117,48,11616,164,1,5,5,1092,WD,Normal,RL,one,finished,139000,6,132692.0
118,3,8536,64,2,5,5,1125,New,Partial,RL,one,finished,155000,5,144506.0
119,20,12376,0,3,7,5,3222,WD,Normal,RL,two,finished,320000,11,277091.0
120,4,8461,24,3,6,5,1456,New,Partial,RL,two,finished,163990,8,176582.0
121,41,21453,260,1,6,5,988,WD,Normal,RL,split,finished,180000,4,152655.0
122,60,6060,140,1,4,5,1123,WD,Normal,RM,one_and_half,finished,100000,4,96038.0
123,52,9464,130,1,6,7,1080,WD,Normal,RL,one,finished,136000,5,144337.0
124,17,7892,63,2,6,5,1199,WD,Normal,RL,one,finished,153900,5,156268.0
125,12,17043,0,2,6,5,1586,WD,Normal,RL,one,finished,181000,7,198861.0
126,28,6780,0,1,6,8,754,WD,Normal,RM,one_and_half,finished,84500,5,100474.0
127,34,4928,205,2,6,5,958,WD,Normal,RL,one,finished,128000,5,129564.0
128,60,4388,0,1,5,7,840,WD,Normal,RM,one_and_half,unfinished,87000,5,94889.0
129,44,7590,108,2,6,5,1348,WD,Normal,RL,two,finished,155000,6,150669.0
131,44,14200,66,3,7,6,2157,WD,Normal,RL,two,finished,226000,8,230211.0
132,10,12224,48,3,6,5,2054,WD,Normal,RL,two,finished,244000,7,210062.0
133,8,7388,0,1,5,6,1327,WD,Normal,RL,one,finished,150750,7,147908.0
134,8,6853,25,2,8,5,1296,WD,Normal,RL,one,finished,220000,6,211358.0
135,17,10335,276,3,5,6,1721,WD,Normal,RL,one,finished,180000,7,163000.0
136,40,10400,0,2,7,6,1682,WD,Normal,RL,one,finished,174000,7,188554.0
137,43,10355,111,2,5,5,1214,WD,Normal,RL,one,finished,143000,5,135900.0
139,10,9066,106,3,8,5,1852,WD,Normal,RL,two,finished,230000,7,243375.0
140,13,15426,99,3,6,5,1764,WD,Normal,RL,two,finished,231500,7,202444.0
142,5,11645,24,2,7,5,1734,WD,Normal,RL,one,finished,260000,7,220064.0
143,58,8520,0,2,5,4,1385,WD,Normal,RL,one_and_half,finished,166000,6,119520.0
144,11,10335,29,2,7,5,1501,WD,Normal,RL,one,finished,204000,6,196780.0
146,4,2522,40,2,6,5,1709,WD,Normal,RM,two,finished,130000,7,140380.0
147,17,6120,0,1,5,7,875,WD,Normal,RM,one,finished,105000,5,111662.0
148,9,9505,48,3,7,5,2035,WD,Normal,RL,two,finished,222500,8,228127.0
149,5,7500,0,1,7,5,1080,WD,Normal,RL,one,finished,141000,6,173237.0
150,60,6240,114,1,5,4,1344,WD,Normal,RM,one_and_half,finished,115000,7,97926.0
151,35,10356,0,2,5,6,969,WD,Normal,RL,one,finished,122000,5,129197.0
152,2,13891,102,2,8,5,1710,New,Partial,RL,one,finished,372402,6,298800.0
153,39,14803,66,3,6,5,1993,WD,Normal,RL,two,finished,190000,8,199167.0
154,35,13500,0,1,6,7,1252,WD,Normal,RL,one,finished,235000,4,168449.0
156,60,9600,136,1,6,5,1096,WD,Normal,RL,one_and_half,finished,79000,5,121422.0
157,60,7200,0,1,5,7,1040,WD,Normal,RL,one,finished,109500,5,119772.0
158,0,12003,75,3,8,5,1968,New,Partial,RL,two,finished,269500,8,315219.0
160,4,19378,300,3,7,5,2462,New,Partial,RL,two,finished,320000,9,299024.0
161,26,11120,0,2,6,6,1232,WD,Normal,RL,one,finished,162500,6,158472.0
162,6,13688,0,3,9,5,2668,WD,Normal,RL,two,finished,412500,10,414113.0
163,5,12182,70,2,7,5,1541,New,Partial,RL,one,finished,220000,7,213413.0
164,54,5500,0,1,4,6,882,WD,Normal,RL,one_and_half,unfinished,103200,4,97855.0
165,6,5400,183,2,6,7,1616,WD,Normal,RM,one,finished,152000,5,156268.0
166,11,10106,0,2,5,7,1355,WD,Normal,RL,one_and_half,finished,127500,6,149980.0
168,3,10562,120,2,8,5,2161,New,Partial,RL,two,finished,325624,8,302552.0
169,6,8244,48,3,7,5,1720,WD,Normal,RL,two,finished,183500,7,209045.0
170,29,16669,64,3,8,6,1707,WD,Normal,RL,one,finished,228000,6,257436.0
171,60,12358,0,2,5,6,1382,WD,Normal,RM,one_and_half,finished,128500,7,127311.0
172,50,31770,62,1,6,5,1656,WD,Normal,RL,one,finished,215000,7,202417.0
173,23,5306,35,2,7,7,1767,WD,Normal,RL,two,finished,239000,5,195880.0
175,24,12416,0,2,6,5,1651,WD,Normal,RL,one,finished,184000,7,177827.0
176,9,12615,68,2,6,7,2158,WD,Normal,RL,one,finished,243000,7,221597.0
177,21,10029,420,3,6,5,2060,WD,Normal,RL,two,finished,211000,8,194539.0
178,52,13650,0,2,5,5,1920,WD,Normal,RL,one_and_half,finished,172500,8,159825.0
179,1,17423,60,2,9,5,2234,New,Partial,RL,one,finished,501837,9,458259.0
180,4,8520,184,1,5,6,968,WD,Normal,RM,one,finished,100000,5,117212.0
182,60,7588,40,2,7,6,1802,WD,Normal,RL,two,finished,200100,9,182078.0
183,4,9060,180,1,5,6,1340,WD,Normal,RL,one,finished,120000,7,150827.0
184,7,11426,238,3,7,5,2082,WD,Normal,RM,one_and_half,finished,200000,6,192295.0
185,19,7438,0,1,5,8,1252,WD,Normal,RL,one_and_half,finished,127000,5,143478.0
186,17,22950,670,3,10,9,3608,WD,Normal,RM,two_and_half,finished,475000,12,358708.0
187,19,9947,27,2,7,5,1217,WD,Normal,RL,split,finished,173000,6,174442.0
188,23,10410,140,3,5,7,1656,WD,Normal,RL,one_and_half,finished,135000,8,160015.0
190,8,4923,344,2,8,5,1593,WD,Normal,RL,one,finished,286000,5,233979.0
191,16,10570,74,3,8,8,2727,WD,Normal,RL,two,finished,315000,10,329531.0
192,6,7472,32,2,7,9,1479,WD,Normal,RL,two,finished,184000,7,194591.0
193,11,9017,35,2,7,5,1431,WD,Normal,RL,one,finished,192000,6,184588.0
194,6,2522,40,2,7,5,1709,WD,Normal,RM,two,finished,130000,7,151445.0
195,38,7180,0,1,5,7,864,WD,Normal,RL,one,finished,127000,5,120404.0
196,34,2280,0,3,6,6,1456,WD,Normal,RL,two,finished,148500,7,145595.0
197,3,9416,404,2,7,5,1726,New,Partial,RL,one,finished,311872,8,225145.0
200,5,9591,196,2,8,5,1713,WD,Normal,RL,one,finished,274900,7,250621.0
201,6,8546,64,2,4,5,1121,WD,Normal,RM,one,finished,140000,5,119474.0
202,33,10125,83,2,6,6,1279,WD,Normal,RL,one,finished,171500,6,157891.0
204,6,4438,0,1,6,5,848,WD,Normal,RM,one,finished,149000,3,127564.0
205,60,3500,35,2,5,7,1284,WD,Normal,RM,one_and_half,finished,110000,5,106055.0
206,20,11851,542,2,7,5,1442,WD,Normal,RL,one,finished,180500,5,186128.0
207,48,13673,30,2,5,5,1696,WD,Normal,RL,one,finished,143900,8,156416.0
208,50,12493,0,1,4,5,1100,WD,Normal,RL,one,finished,141000,6,125664.0
209,21,14364,209,3,7,5,2062,WD,Normal,RL,two,finished,277000,7,234300.0
210,46,8250,0,1,6,7,1092,WD,Normal,RL,one,finished,145000,6,144017.0
211,60,5604,96,1,5,6,864,WD,Normal,RL,one,finished,98000,5,102399.0
212,1,10420,22,2,6,5,1212,WD,Normal,RL,one,finished,186000,6,179909.0
214,15,13568,0,1,5,5,990,WD,Normal,RL,one,finished,156000,5,141808.0
215,33,10900,36,2,6,7,1392,WD,Normal,RL,two,finished,161750,6,163657.0
216,14,10011,0,1,5,6,1236,WD,Normal,RL,one,finished,134450,6,145984.0
217,6,8450,98,2,7,5,1436,WD,Normal,RL,one,finished,210000,8,188546.0
219,4,15660,269,2,7,9,1954,WD,Normal,RL,one_and_half,finished,311500,8,273568.0
220,4,3010,0,2,7,5,1248,New,Partial,RL,one,finished,167240,5,170660.0
221,4,8990,33,2,7,5,1498,New,Partial,RL,one,finished,204900,5,202331.0
223,35,11475,208,3,6,6,1552,WD,Normal,RL,two,finished,179900,6,170553.0
225,7,13472,105,2,10,5,2392,WD,Normal,RL,one,finished,386250,8,400674.0
228,40,1869,0,2,6,6,987,WD,Normal,RM,two,finished,106000,5,102393.0
229,43,8521,0,1,5,5,912,WD,Normal,RL,one,finished,125000,5,118164.0
230,4,3182,20,2,7,5,1555,WD,Normal,RL,one,finished,192500,7,190899.0
231,51,8760,120,1,6,6,1194,WD,Normal,RL,one,finished,148000,6,148052.0
232,14,15138,348,3,8,5,2794,WD,Normal,RL,two,finished,403000,9,374539.0
233,38,1680,0,2,6,5,987,WD,Normal,RM,two,finished,94500,5,99468.0
234,34,10650,0,1,5,6,894,WD,Normal,RL,one,finished,128200,5,126864.0
235,8,7851,48,3,6,5,1960,WD,Normal,RL,two,finished,216500,8,197470.0
236,39,1680,0,2,6,3,987,WD,Normal,RM,two,finished,89500,5,85176.0
237,6,8773,105,2,7,5,1414,WD,Normal,RL,one,finished,185500,6,188061.0
238,7,9453,308,3,7,7,1744,WD,Normal,RL,two,finished,194500,7,212061.0
239,3,12030,228,2,8,5,1694,New,Partial,RL,one,finished,318000,7,267641.0
240,60,8741,140,2,6,4,1487,WD,Normal,RL,one_and_half,finished,113000,7,126704.0
242,13,3880,42,1,5,9,866,WD,Normal,RM,one,finished,110500,4,109158.0
243,60,5000,77,1,5,4,1440,WD,Normal,RM,one_and_half,finished,79000,6,97463.0
244,30,10762,28,2,6,6,1217,WD,Normal,RL,two,finished,120000,6,156981.0
245,8,8880,130,3,7,5,2110,WD,Normal,RL,two,finished,205000,8,234024.0
246,22,10400,39,2,7,5,1872,WD,Normal,RL,one,finished,241500,6,205661.0
247,60,9142,172,2,6,8,1928,WD,Normal,RM,two,finished,137000,9,138793.0
248,56,11310,30,1,6,5,1375,WD,Normal,RL,one,finished,140000,5,149653.0
249,7,11317,68,3,7,5,1668,WD,Normal,RL,two,finished,180000,8,210268.0
250,4,159000,98,2,6,7,2144,WD,Normal,RL,one_and_half,finished,277000,7,273943.0
251,44,5350,0,1,3,2,1306,WD,Normal,RL,one,finished,76500,6,88581.0
253,6,8366,45,3,6,5,1640,WD,Normal,RL,two,finished,173000,6,183497.0
255,53,8400,0,1,5,6,1314,WD,Normal,RL,one,finished,145000,5,136051.0
256,11,8738,0,3,7,5,2291,WD,Normal,RL,two,finished,230000,8,234748.0
259,9,12435,341,3,7,5,1792,WD,Normal,RL,two,finished,231500,7,216247.0
260,54,12702,45,1,5,5,882,WD,Normal,RM,one,finished,97000,4,110288.0
261,48,19296,252,1,6,5,1382,WD,Normal,RL,split,finished,176000,6,170574.0
262,3,9588,148,3,8,5,2574,New,Partial,RL,two,finished,276000,10,308508.0
263,15,8471,12,1,6,7,1212,WD,Normal,RL,split,finished,151000,6,160155.0
264,9,5500,0,1,5,7,1316,WD,Normal,RM,one_and_half,finished,130000,6,129895.0
265,6,5232,0,1,5,5,764,WD,Normal,RM,one,finished,73000,4,95078.0
266,29,12090,0,2,6,6,1422,WD,Normal,RL,one,finished,175500,7,166849.0
267,13,11207,75,3,6,5,1511,WD,Normal,RL,two,finished,185000,8,180151.0
268,13,8400,24,3,5,8,2192,WD,Normal,RL,two_and_half,finished,179500,8,179436.0
269,55,6900,25,1,5,6,778,WD,Normal,RM,one,finished,120500,4,98592.0
270,34,7917,30,2,6,7,1113,WD,Normal,RL,one,finished,148000,6,146887.0
272,5,39104,0,1,7,7,1363,WD,Normal,RL,one,finished,241500,5,233673.0
273,3,11764,57,3,8,7,2270,WD,Normal,RL,two,finished,290000,9,312954.0
274,22,9600,0,2,6,6,1632,WD,Normal,RL,one,finished,139000,6,175476.0
275,28,8314,0,1,5,7,816,WD,Normal,RL,one,finished,124500,5,120452.0
276,3,7264,144,3,7,7,1548,WD,Normal,RL,one_and_half,finished,205000,5,209526.0
277,7,9196,150,2,7,5,1560,WD,Normal,RL,one,finished,201000,7,204375.0
278,59,19138,0,1,4,5,864,WD,Normal,RL,one,finished,141000,4,118688.0
279,3,14450,240,3,9,5,2121,New,Partial,RL,one,finished,415298,8,388431.0
280,33,10005,117,3,7,5,2022,WD,Normal,RL,two,finished,192000,8,207194.0
281,21,11287,280,3,7,6,1982,WD,Normal,RL,two,finished,228500,7,217831.0
284,1,9612,150,2,8,5,1468,New,Partial,RL,one,finished,244600,6,251632.0
285,18,8012,52,2,6,5,1575,WD,Normal,RL,one,finished,179200,5,171945.0
287,29,9786,128,2,6,7,1734,WD,Normal,RL,one_and_half,finished,159000,7,175689.0
288,39,8125,0,1,4,4,858,WD,Normal,RL,one,finished,88000,5,95794.0
289,43,9819,0,1,5,5,900,WD,Normal,RL,one,finished,122000,5,119587.0
290,7,8730,259,1,6,7,1396,WD,Normal,RL,two,finished,153575,7,170020.0
291,4,15611,51,3,8,5,1919,New,Partial,RL,two,finished,233230,8,298738.0
292,10,5687,184,2,5,6,1716,WD,Normal,RL,two,finished,135900,9,155980.0
293,2,11409,160,2,5,4,1716,WD,Normal,RL,one_and_half,finished,131000,8,159752.0
294,16,16659,250,3,7,7,2263,WD,Normal,RL,two,finished,235000,9,263475.0
295,57,9600,0,1,6,5,1644,WD,Normal,RL,one,finished,167000,7,156550.0
296,26,7937,0,1,6,6,1003,WD,Normal,RL,split,finished,142500,6,139359.0
297,60,13710,0,2,5,5,1558,WD,Normal,RM,one_and_half,finished,152000,6,126347.0
299,42,11700,0,3,6,6,1743,WD,Normal,RL,two,finished,175000,7,174155.0
301,57,15750,0,1,5,5,1336,WD,Normal,RL,one,finished,157000,5,146410.0
302,11,16226,50,3,8,5,2452,WD,Normal,RL,two,finished,267000,9,338374.0
303,8,13704,81,2,7,5,1541,WD,Normal,RL,one,finished,205000,6,214057.0
305,8,18386,0,3,7,9,3493,WD,Normal,RM,two_and_half,finished,295000,10,278465.0
306,5,10386,0,2,8,5,2000,WD,Normal,RL,one,finished,305900,8,282350.0
307,19,13474,268,3,7,5,2243,WD,Normal,RL,two,finished,225000,8,235723.0
308,60,7920,144,1,6,7,1406,WD,Normal,RM,one_and_half,finished,89500,6,127889.0
309,60,12342,0,1,4,5,861,WD,Normal,RL,one,finished,82500,4,99159.0
310,6,12378,175,2,9,5,1944,WD,Normal,RL,one,finished,360000,8,325868.0
311,16,7685,63,3,6,5,1501,WD,Normal,RL,two,finished,165600,6,173530.0
312,8,8000,0,1,6,6,972,WD,Normal,RL,one,finished,132000,5,145203.0
313,60,7800,271,1,5,7,1118,WD,Normal,RM,one_and_half,finished,119900,5,112578.0
315,20,9600,234,2,7,7,1641,WD,Normal,RM,two,finished,178000,6,157671.0
316,5,7795,51,3,7,5,1432,WD,Normal,RL,two,finished,188500,6,189782.0
317,30,13005,195,3,7,7,2353,WD,Normal,RL,two,finished,260000,10,249709.0
319,17,9900,204,3,7,5,2646,WD,Normal,RL,two,finished,260000,9,264378.0
320,30,14115,48,2,7,5,1472,WD,Normal,RL,split,finished,187500,6,190723.0
321,4,16259,154,4,9,5,2596,New,Partial,RL,two,finished,342643,9,406421.0
322,6,12099,154,3,8,5,2468,WD,Normal,RL,two,finished,354000,10,315969.0
323,23,10380,96,3,7,5,2730,WD,Normal,RL,two,finished,301000,8,270096.0
324,5,5820,98,1,3,8,1163,WD,Normal,RM,one,finished,126175,6,118034.0
325,3,11275,0,3,7,7,2978,WD,Normal,RL,split,finished,242000,11,295194.0
326,60,5000,244,1,5,6,803,WD,Normal,RM,one_and_half,unfinished,87000,5,94246.0
328,50,11600,45,2,6,5,1383,WD,Normal,RL,one,finished,145250,7,155221.0
329,16,11888,328,2,6,6,2134,WD,Normal,RL,two_and_half,unfinished,214500,10,212305.0
330,60,6402,137,1,5,5,1192,WD,Normal,RM,two,finished,78000,6,103198.0
331,46,10624,0,2,5,4,1728,WD,Normal,RL,one,finished,119000,10,137872.0
332,18,8176,0,1,5,6,1056,WD,Normal,RL,one,finished,139000,6,138954.0
333,6,10655,0,2,8,5,1629,WD,Normal,RL,one,finished,284000,7,249708.0
334,6,8198,30,2,7,5,1358,WD,Normal,RM,one,finished,207000,6,165683.0
335,12,9042,38,3,6,5,1638,WD,Normal,RL,two,finished,192000,7,179820.0
336,45,164660,0,2,5,6,1786,WD,Normal,RL,one_and_half,finished,228950,7,198278.0
337,4,14157,51,2,9,5,1922,WD,Normal,RL,one,finished,377426,8,348331.0
338,7,9135,74,2,7,5,1536,WD,Normal,RL,one,finished,214000,7,203646.0
339,12,14145,45,2,7,7,1621,WD,Normal,RL,one,finished,202500,8,221526.0
340,12,12400,234,1,6,7,1215,WD,Normal,RL,one,finished,155000,6,168108.0
341,8,14191,0,3,8,5,1908,WD,Normal,RL,two,finished,202900,9,277016.0
342,60,8400,24,1,4,4,841,WD,Normal,RH,one,finished,82000,4,78742.0
343,60,8544,0,2,3,4,1040,WD,Normal,RL,one,finished,87500,6,83397.0
344,5,8849,72,2,9,5,1684,WD,Normal,RL,one,finished,266000,6,286954.0
345,34,2592,0,2,5,3,1112,WD,Normal,RM,two,finished,85000,4,85426.0
346,60,6435,0,1,6,5,1577,WD,Normal,RL,one_and_half,finished,140200,6,139697.0
347,12,12772,0,1,6,8,958,WD,Normal,RL,one,finished,151500,5,155791.0
348,50,17600,40,2,6,5,1478,WD,Normal,RL,one,finished,157500,6,172419.0
349,6,2448,27,3,7,5,1626,WD,Normal,RL,two,finished,154000,6,182008.0
350,4,20431,0,3,9,5,2728,New,Partial,RL,two,finished,437154,10,441849.0
351,3,7820,54,2,9,5,1869,New,Partial,RL,one,finished,318061,6,308960.0
354,7,8520,0,1,6,8,720,WD,Normal,RM,one,finished,105900,5,110523.0
355,10,8400,108,1,6,5,1595,WD,Normal,RL,one_and_half,finished,140000,6,179050.0
356,15,11249,26,2,6,5,1200,WD,Normal,RL,one,finished,177500,6,162769.0
357,18,9248,26,2,6,6,1167,WD,Normal,RL,one,finished,173000,6,157218.0
358,34,4224,90,2,5,5,1142,WD,Normal,RM,one,finished,134000,6,113332.0
360,12,12011,449,3,8,5,1924,WD,Normal,RL,two,finished,280000,7,257409.0
361,32,7540,192,1,6,6,912,WD,Normal,RL,split,finished,156000,5,133923.0
362,28,9144,0,1,5,5,1505,WD,Normal,RL,one_and_half,finished,145000,8,149913.0
364,3,1680,0,2,6,8,987,WD,Normal,RM,two,finished,118000,5,116376.0
365,34,18800,111,3,6,5,1574,WD,Normal,RL,two,finished,190000,6,186400.0
366,13,10690,346,1,5,7,1344,WD,Normal,RM,two,finished,147000,6,133046.0
367,47,9500,261,2,6,5,1394,WD,Normal,RL,one,finished,159000,6,154262.0
368,48,9150,110,1,6,5,1431,WD,Normal,RL,split,finished,165000,6,154611.0
369,56,7800,98,1,5,6,1268,WD,Normal,RL,one,finished,132000,7,132145.0
370,4,9830,199,1,5,7,1287,WD,Normal,RL,one,finished,162000,7,150308.0
371,10,8121,40,3,6,5,1664,WD,Normal,RL,two,finished,172400,7,179471.0
372,51,17120,59,2,4,4,1588,WD,Normal,RL,one_and_half,finished,134432,7,139062.0
373,26,7175,90,1,6,5,752,WD,Normal,RL,one,finished,125000,4,112961.0
374,57,10634,0,1,5,6,1319,WD,Normal,RL,one,finished,123000,5,138228.0
375,6,8200,48,3,7,5,1928,WD,Normal,RL,two,finished,219500,8,219318.0
376,60,10020,0,1,1,1,904,WD,Normal,RL,one,finished,61000,4,64453.0
377,14,8846,0,1,5,5,914,WD,Normal,RL,split,finished,148000,5,127726.0
379,0,11394,0,2,9,2,1856,New,Partial,RL,one,finished,394432,8,366106.0
380,10,8123,63,3,6,5,1800,WD,Normal,RL,two,finished,179000,7,185813.0
381,60,5000,242,2,5,6,1691,WD,Normal,RL,one_and_half,finished,127000,6,134761.0
383,4,9245,53,3,7,5,1797,WD,Normal,RL,two,finished,213500,8,225124.0
384,60,9000,91,1,6,3,784,WD,Normal,RH,one_and_half,unfinished,76000,5,81951.0
385,18,53107,231,3,6,5,1953,WD,Normal,RL,two,finished,240000,9,232981.0
386,5,3182,164,2,8,5,1269,WD,Normal,RL,one,finished,192000,6,203982.0
389,10,9382,25,2,7,5,1479,WD,Normal,RL,one,finished,191000,6,190954.0
390,2,12474,134,3,10,5,2332,New,Partial,RL,two,finished,426000,9,404110.0
391,60,8405,242,1,5,8,1367,WD,Normal,RL,one_and_half,finished,119000,7,132339.0
392,8,12209,192,3,6,5,1961,WD,Normal,RL,two,finished,215000,7,205494.0
393,51,8339,0,1,5,7,882,WD,Normal,RL,one,finished,106500,5,118672.0
395,60,10134,39,1,5,6,1034,WD,Normal,RL,one_and_half,finished,109000,5,122919.0
396,54,9571,0,1,5,6,1144,WD,Normal,RL,one,finished,129000,6,132784.0
397,38,7200,0,1,5,5,894,WD,Normal,RL,one,finished,123000,6,118447.0
398,48,7590,168,2,5,5,1812,WD,Normal,RL,two,finished,169500,8,148030.0
401,14,14963,254,2,8,5,1288,WD,Normal,RL,one,finished,245500,4,228705.0
402,5,8767,0,2,7,5,1310,New,Partial,RL,one,finished,164990,6,185416.0
403,13,10200,0,1,5,8,672,WD,Normal,RL,one,finished,108000,4,111465.0
405,14,10364,40,3,6,5,1572,WD,Normal,RL,two,finished,168000,7,180134.0
406,17,9991,78,2,4,4,1620,WD,Normal,RL,one,finished,150000,8,136077.0
407,60,10480,0,1,6,5,1639,WD,Normal,RL,one_and_half,finished,115000,6,145811.0
408,34,15576,160,2,6,7,1680,WD,Normal,RL,two,finished,177000,8,189634.0
409,4,14154,62,3,7,5,2172,New,Partial,RL,two,finished,280000,9,277925.0
412,55,34650,0,1,5,5,1056,WD,Normal,RL,one,finished,145000,5,159785.0
414,60,8960,130,1,5,6,1028,WD,Normal,RM,one,finished,115000,5,108741.0
415,17,11228,187,3,7,5,2097,WD,Normal,RL,two,finished,228000,9,231950.0
416,3,8899,30,2,7,5,1340,New,Partial,RL,one,finished,181134,6,191276.0
417,32,7844,0,2,6,7,1400,WD,Normal,RL,two,finished,149500,6,160020.0
418,60,22420,0,3,6,6,2624,WD,Normal,RL,two,finished,239000,10,223546.0
420,42,8450,269,1,5,6,1056,WD,Normal,RL,one,finished,142000,6,132713.0
422,10,16635,0,2,6,7,1602,WD,Normal,RL,one,finished,215000,8,202636.0
423,56,21750,0,1,5,5,988,WD,Normal,RL,one,finished,113000,4,134695.0
424,12,9200,66,3,8,5,2630,WD,Normal,RL,two,finished,315000,8,295719.0
425,54,9000,44,1,6,5,1196,WD,Normal,RL,one,finished,139000,6,139899.0
426,18,3378,126,2,7,8,1389,WD,Normal,RM,two,finished,135000,6,140797.0
427,21,12800,396,2,7,5,1644,WD,Normal,RL,split,finished,275000,5,205356.0
428,53,8593,0,1,4,6,907,WD,Normal,RL,one,finished,109008,5,109537.0
429,3,6762,54,2,7,5,1208,New,Partial,RL,one,finished,195400,6,182916.0
430,22,11457,169,2,6,5,1412,WD,Normal,RL,one,finished,175000,6,165609.0
433,39,1920,36,2,5,5,1365,WD,Normal,RM,two,finished,122500,6,106134.0
434,12,10839,36,3,6,5,1604,WD,Normal,RL,two,finished,181000,7,182810.0
435,38,1890,0,1,4,7,630,WD,Normal,RM,split,finished,81000,3,75350.0
437,60,4400,0,1,6,8,1118,WD,Normal,RM,one_and_half,finished,116000,6,117581.0
438,6,6000,105,1,6,7,904,WD,Normal,RM,one_and_half,unfinished,119000,4,130600.0
439,8,4280,34,1,5,6,694,WD,Normal,RL,one,finished,90350,4,97138.0
441,2,15431,242,2,10,5,2402,WD,Normal,RL,one,finished,555000,10,433107.0
442,55,12108,0,2,4,4,1440,WD,Normal,RL,one,finished,118000,8,117659.0
443,18,6240,0,2,5,7,1573,WD,Normal,RM,one_and_half,finished,162900,8,134695.0
444,3,3922,16,2,7,5,1258,New,Partial,RL,one,finished,172500,6,182469.0
445,15,8750,133,3,7,5,1908,WD,Normal,RL,two,finished,210000,8,209218.0
447,8,16492,0,3,6,6,1888,WD,Normal,RL,one,finished,190000,6,210824.0
448,11,11214,0,3,7,5,1886,WD,Normal,RL,two,finished,199900,10,214308.0
449,60,8600,0,2,6,6,1376,WD,Normal,RM,one_and_half,finished,119500,7,126387.0
450,8,6000,176,2,3,7,1183,WD,Normal,RM,one_and_half,finished,120000,6,117373.0
451,5,5684,113,1,6,8,813,WD,Normal,RM,one,finished,110000,5,123257.0
452,35,70761,54,2,7,5,1533,WD,Normal,RL,one,finished,280000,5,237630.0
453,13,9303,122,3,6,5,1756,WD,Normal,RL,two,finished,204000,7,184645.0
456,37,9600,0,2,7,6,1242,WD,Normal,RL,one,finished,175500,6,171672.0
458,16,53227,137,1,4,6,1663,WD,Normal,RL,one,finished,256000,6,194938.0
459,14,5100,63,1,8,7,1666,WD,Normal,RM,two,finished,161000,7,199867.0
460,60,7015,248,1,5,4,1203,WD,Normal,RL,one_and_half,finished,110000,5,98263.0
462,3,7200,0,1,7,9,1135,WD,Normal,RL,two,finished,155000,6,183501.0
463,45,8281,236,1,5,5,864,WD,Normal,RL,one,finished,62383,5,116033.0
464,15,11988,0,2,6,7,1660,WD,Normal,RL,two,finished,188700,6,185111.0
465,32,8430,0,2,5,5,1040,WD,Normal,RL,one,finished,124000,5,130265.0
466,6,3072,20,2,7,5,1414,WD,Normal,RM,one,finished,178740,6,150702.0
467,40,10628,176,1,7,5,1277,WD,Normal,RL,one,finished,167000,5,170374.0
468,15,9480,0,2,5,7,1644,WD,Normal,RL,two,finished,146500,7,160868.0
469,4,11428,44,2,8,5,1634,WD,Normal,RL,one,finished,250000,7,258987.0
470,17,9291,70,3,6,5,1710,WD,Normal,RL,two,finished,187000,7,178106.0
471,25,6820,194,2,8,5,1502,WD,Normal,RL,one,finished,212000,4,215711.0
472,33,11952,276,3,7,6,1969,WD,Normal,RL,two,finished,190000,8,205425.0
473,5,3675,28,1,6,5,1072,WD,Normal,RM,split,finished,148000,5,136242.0
474,3,14977,63,2,8,5,1976,New,Partial,RL,one,finished,440000,7,325565.0
475,10,5330,48,2,8,5,1652,WD,Normal,RL,one,finished,251000,6,232753.0
476,47,8480,216,1,5,6,970,WD,Normal,RL,one,finished,132500,5,123945.0
477,12,13125,39,2,6,5,1493,WD,Normal,RL,one,finished,208900,7,183620.0
478,4,13693,84,3,9,5,2643,WD,Normal,RL,two,finished,380000,9,411956.0
479,2,10637,44,2,8,5,1718,WD,Normal,RL,one,finished,297000,7,278932.0
481,5,16033,112,2,9,5,1850,WD,Normal,RL,one,finished,326000,8,336771.0
482,6,11846,49,2,9,5,1792,WD,Normal,RL,one,finished,374000,6,302307.0
483,5,2500,0,2,7,8,1826,WD,Normal,RM,two,finished,155000,7,162354.0
484,12,4500,125,2,6,5,1216,WD,Normal,RM,one,finished,164000,5,137383.0
485,9,7758,132,1,5,7,999,WD,Normal,RL,one,finished,132500,6,131974.0
486,3,9600,200,1,5,7,1113,WD,Normal,RL,one,finished,147000,5,145602.0
487,45,10289,0,2,5,7,1073,WD,Normal,RL,one,finished,156000,6,136303.0
488,39,12243,180,2,5,6,1484,WD,Normal,RL,one,finished,175000,7,153797.0
490,8,1526,0,1,4,8,630,WD,Normal,RM,split,finished,86000,3,82146.0
491,34,2665,24,2,5,6,1304,WD,Normal,RM,two,finished,115000,4,110781.0
492,60,9490,32,1,6,7,1578,WD,Normal,RL,one_and_half,finished,133000,5,159204.0
493,4,15578,0,3,6,5,1456,New,Partial,RL,two,finished,172785,8,189764.0
494,50,7931,0,2,5,6,1269,WD,Normal,RL,one,finished,155000,6,136316.0
495,14,5784,100,1,5,8,886,WD,Normal,RM,one,finished,91300,4,110473.0
497,17,12692,366,3,8,5,3228,WD,Normal,RL,one,finished,430000,10,351916.0
498,60,9120,100,2,7,6,1820,WD,Normal,RL,one_and_half,finished,184000,8,183452.0
499,6,7800,0,1,5,7,899,WD,Normal,RL,one,finished,130000,5,130078.0
500,25,7535,285,1,5,7,912,WD,Normal,RL,one,finished,120000,5,126724.0
501,37,1890,28,2,6,5,1218,WD,Normal,RM,two,finished,113000,7,110375.0
503,45,9170,184,1,5,7,1214,WD,Normal,RL,one,finished,140000,6,138270.0
504,13,15602,215,2,7,8,1801,WD,Normal,RL,one,finished,289000,6,238194.0
505,36,2308,0,3,6,5,1322,WD,Normal,RL,two,finished,147000,6,137335.0
507,16,9554,81,3,8,5,1911,WD,Normal,RL,two,finished,215000,8,245149.0
509,5,9600,116,2,7,9,1378,WD,Normal,RM,two,finished,161000,7,172730.0
510,51,9600,88,1,5,6,1041,WD,Normal,RL,one,finished,124500,6,130926.0
511,10,14559,210,1,5,7,1363,WD,Normal,RL,one,finished,164900,6,163272.0
512,4,6792,35,2,7,5,1368,New,Partial,RL,one,finished,202665,6,189520.0
513,52,9100,0,1,5,5,864,WD,Normal,RL,one,finished,129900,5,114549.0
514,27,9187,158,2,6,5,1080,WD,Normal,RL,one,finished,134000,5,146248.0
515,60,10594,112,1,5,5,789,WD,Normal,RL,one_and_half,unfinished,96500,5,96610.0
516,1,12220,54,3,10,5,2020,New,Partial,RL,one,finished,402861,9,398660.0
518,13,10208,0,3,7,5,2344,WD,Normal,RL,two,finished,265000,7,257504.0
519,12,9531,36,3,6,5,1796,WD,Normal,RL,two,finished,211000,7,186293.0
520,6,10918,145,2,7,9,2080,WD,Normal,RL,two,finished,234000,9,242847.0
521,10,10800,324,2,4,7,1294,WD,Normal,RL,two,finished,106250,7,137466.0
522,53,11988,40,2,6,6,1244,WD,Normal,RL,one,finished,150000,6,153894.0
523,60,5000,60,2,6,7,1664,WD,Normal,RM,one_and_half,finished,159000,7,132001.0
524,2,40094,406,4,10,5,4676,New,Partial,RL,two,finished,184750,11,464817.0
525,13,11787,60,3,7,5,2398,WD,Normal,RL,two,finished,315750,8,263578.0
527,10,13300,156,1,5,7,928,WD,Normal,RL,one,finished,132000,4,141124.0
528,2,14948,66,3,9,5,2713,New,Partial,RL,two,finished,446261,11,438137.0
529,8,9098,144,1,4,7,605,WD,Normal,RL,one,finished,86000,5,99791.0
532,11,6155,84,2,6,8,1362,WD,Normal,RM,two,finished,128000,6,143539.0
533,3,7200,0,1,5,7,827,WD,Normal,RL,one,finished,107500,5,124509.0
534,60,5000,0,1,1,3,334,WD,Normal,RL,one,finished,39300,2,34388.0
535,6,9056,35,3,8,5,1414,WD,Normal,RL,two,finished,178000,6,224045.0
536,19,7000,148,1,5,7,1347,WD,Normal,RL,two,finished,107500,5,144132.0
537,11,8924,155,3,7,5,1724,WD,Normal,RL,two,finished,188000,8,204497.0
539,42,11553,0,2,5,5,1159,WD,Normal,RL,one,finished,158000,7,136755.0
540,8,11423,0,2,8,5,1601,WD,Normal,RL,one,finished,272000,6,244781.0
541,4,14601,68,2,9,5,1838,WD,Normal,RL,one,finished,315000,8,343659.0
542,10,11000,56,3,8,5,2285,WD,Normal,RL,two,finished,248000,8,282500.0
543,11,10140,73,2,7,5,1680,WD,Normal,RL,one,finished,213250,7,205865.0
544,12,4058,40,1,7,5,767,WD,Normal,RH,split,finished,133000,4,128927.0
545,4,17104,24,3,7,5,1496,New,Partial,RL,two,finished,179665,7,220498.0
546,22,13837,0,3,7,5,2183,WD,Normal,RL,one_and_half,finished,229000,9,234854.0
547,60,8737,182,2,6,7,1635,WD,Normal,RL,one_and_half,finished,210000,6,158606.0
548,40,7244,0,1,5,7,768,WD,Normal,RL,split,finished,129500,5,111296.0
549,15,8235,50,1,5,7,825,WD,Normal,RM,one,finished,125000,4,110282.0
552,53,6000,0,1,5,6,928,WD,Normal,RM,one,finished,112500,5,104412.0
553,4,11146,39,2,8,5,1717,WD,Normal,RL,one,finished,255500,7,264405.0
554,7,8777,96,2,4,5,1126,WD,Normal,RL,one,finished,108000,5,132004.0
555,6,10625,62,3,7,5,2046,WD,Normal,RL,two,finished,284000,8,239549.0
556,60,6380,116,1,5,6,1048,WD,Normal,RM,one_and_half,unfinished,113000,5,107505.0
557,53,14850,122,1,5,5,1092,WD,Normal,RL,one,finished,141000,6,142044.0
559,13,21872,22,3,7,5,1446,WD,Normal,RL,two,finished,175000,6,209349.0
560,6,3196,20,2,7,5,1557,WD,Normal,RL,one,finished,234000,7,186184.0
561,14,11341,95,2,5,6,1392,WD,Normal,RL,one,finished,121500,5,152460.0
562,35,10010,38,1,5,5,1389,WD,Normal,RL,one,finished,170000,6,144674.0
563,41,13907,0,1,5,6,996,WD,Normal,RL,one,finished,108000,6,139378.0
564,60,21780,180,2,6,7,1674,WD,Normal,RL,one_and_half,finished,185000,8,186389.0
565,10,13346,40,3,7,5,2295,WD,Normal,RL,two,finished,268000,9,260129.0
566,60,6858,202,2,6,4,1647,WD,Normal,RL,two,finished,128000,6,130196.0
567,3,11198,39,3,9,5,2504,WD,Normal,RL,two,finished,325000,11,369684.0
568,6,10171,0,2,7,5,1535,WD,Normal,RL,one,finished,214000,7,208682.0
569,1,12327,40,2,8,8,2132,WD,Normal,RL,one_and_half,finished,316600,5,347025.0
570,31,7032,0,1,5,5,943,WD,Normal,RL,split,finished,135960,4,122971.0
571,45,13101,0,2,5,5,1728,WD,Normal,RL,one,finished,142600,10,158875.0
573,1,13159,114,3,7,5,1692,New,Partial,RL,two,finished,224500,6,246932.0
574,10,9967,0,3,7,5,1430,WD,Normal,RL,split,finished,170000,8,187677.0
575,5,10500,0,1,5,7,1109,WD,Normal,RL,split,finished,139000,5,146110.0
577,60,6292,50,2,7,7,1477,WD,Normal,RL,one_and_half,finished,145000,6,165750.0
580,56,12150,0,2,5,5,1795,WD,Normal,RM,one_and_half,finished,131500,7,130072.0
581,23,14585,110,1,6,6,1429,WD,Normal,RL,one,finished,181900,7,177986.0
582,1,12704,90,3,8,5,2042,New,Partial,RL,one,finished,253293,8,320432.0
583,20,11841,32,1,6,5,816,WD,Normal,RL,split,finished,118500,5,135841.0
584,10,13500,502,4,10,9,2775,WD,Normal,RM,two_and_half,unfinished,325000,9,328584.0
585,15,6120,174,1,4,7,1573,WD,Normal,RM,one_and_half,finished,133000,6,128399.0
586,4,11443,66,2,8,5,2028,New,Partial,RL,one,finished,369900,7,294785.0
587,10,10267,112,1,6,7,838,WD,Normal,RL,one,finished,130000,5,139485.0
588,28,8740,0,1,5,6,860,WD,Normal,RL,split,finished,137000,4,123762.0
589,7,25095,108,1,5,8,1473,WD,Partial,RL,one,finished,143000,5,174766.0
590,50,9100,0,1,5,6,935,WD,Normal,RM,one,finished,79500,4,107363.0
591,6,8320,45,3,7,5,1582,WD,Normal,RL,two,finished,185900,6,204773.0
593,7,6600,0,1,5,8,816,WD,Normal,RL,one,finished,138000,4,122709.0
594,7,4435,0,1,6,5,848,WD,Normal,RM,one,finished,140000,4,126257.0
595,35,7990,0,1,5,6,924,WD,Normal,RL,one,finished,110000,5,123734.0
596,4,11302,195,2,8,5,1826,New,Partial,RL,one,finished,319000,7,270305.0
597,17,3600,158,1,6,7,1368,WD,Normal,RM,two,finished,114504,7,128408.0
598,3,3922,16,2,7,5,1402,New,Partial,RL,one,finished,194201,7,188301.0
599,33,12984,0,2,5,6,1647,WD,Normal,RL,one,finished,217500,7,162181.0
601,5,10927,60,3,8,5,1904,WD,Normal,RL,two,finished,275000,8,262161.0
602,60,9000,288,2,6,6,1375,WD,Normal,RM,one_and_half,finished,141000,6,126859.0
605,8,12803,36,2,7,5,1494,WD,Normal,RL,one,finished,221000,6,205475.0
606,20,13600,231,3,7,6,1986,WD,Normal,RL,two,finished,205000,7,226426.0
607,14,12464,0,1,5,5,1040,WD,Normal,RL,one,finished,152000,6,143524.0
608,8,7800,0,3,5,8,2008,WD,Normal,RL,two,finished,225000,8,177618.0
610,49,7943,39,1,4,5,1029,WD,Normal,RL,one,finished,118500,5,113240.0
611,10,11050,142,3,9,5,2153,WD,Normal,RL,two,finished,313000,8,336000.0
612,32,10395,0,2,6,6,1032,WD,Normal,RL,split,finished,148000,6,145610.0
613,9,11885,122,3,8,5,1872,WD,Normal,RL,two,finished,261500,7,253657.0
614,3,8402,30,1,5,5,1120,New,Partial,RL,one,finished,147000,6,144506.0
615,38,1491,24,1,4,6,630,WD,Normal,RM,split,finished,75500,3,74958.0
617,7,7861,75,3,6,5,1509,WD,Normal,RL,two,finished,183200,7,177377.0
618,56,7227,0,1,6,6,832,WD,Normal,RL,one_and_half,unfinished,105500,4,120236.0
619,3,11694,368,2,9,5,1828,New,Partial,RL,one,finished,314813,9,319676.0
620,7,12244,0,3,8,5,2262,WD,Normal,RL,two,finished,305000,10,297185.0
621,60,8248,100,1,3,3,864,WD,Normal,RL,one,finished,67000,5,61924.0
622,13,10800,243,3,6,7,2614,WD,Normal,RL,two,finished,240000,9,229847.0
623,33,7064,0,1,5,6,980,WD,Normal,RL,one,finished,135000,6,124841.0
625,38,10400,147,3,6,5,1790,WD,Normal,RL,two,finished,165150,8,170897.0
626,48,10000,385,2,6,6,1116,WD,Normal,RL,one,finished,160000,5,146915.0
627,32,12342,36,1,5,5,1422,WD,Normal,RL,one,finished,139900,6,150104.0
628,38,9600,189,1,6,6,1520,WD,Normal,RL,split,finished,153000,7,167702.0
630,46,9020,0,2,6,5,1350,WD,Normal,RL,split,finished,168500,6,151252.0
632,4,4590,73,2,8,5,1554,WD,Normal,RL,one,finished,209500,6,240958.0
634,5,9250,0,1,5,7,1056,WD,Normal,RL,one,finished,139400,6,143550.0
638,56,6000,0,2,5,4,1387,WD,Normal,RM,one_and_half,finished,93000,7,106350.0
639,60,8777,164,1,5,7,796,WD,Normal,RL,one,finished,85000,4,106964.0
640,4,3982,0,2,8,5,1567,New,Partial,RL,one,finished,264561,7,239422.0
641,6,12677,140,2,8,5,1518,WD,Normal,RL,one,finished,274000,6,257167.0
643,15,13860,111,3,8,7,2704,WD,Normal,RL,split,finished,345000,9,355724.0
644,41,10793,0,3,5,5,1620,WD,Normal,RL,two,finished,152000,7,149254.0
646,39,10530,352,2,6,5,981,WD,Normal,RL,one,finished,143250,5,135399.0
647,60,7200,27,1,5,5,1048,WD,Normal,RL,one,finished,98300,7,105531.0
648,57,10452,287,1,6,5,1094,WD,Normal,RL,one,finished,155000,5,136128.0
649,44,7700,340,2,6,5,1839,WD,Normal,RL,two,finished,155000,7,166867.0
650,40,1936,0,1,4,6,630,WD,Normal,RM,split,finished,84500,3,74429.0
652,60,9084,0,1,4,5,1510,WD,Normal,RL,two,finished,108000,7,114791.0
653,14,8750,120,3,7,5,1716,WD,Normal,RL,two,finished,191000,7,203678.0
654,15,10320,239,1,6,7,1469,WD,Normal,RM,one_and_half,finished,135000,7,148055.0
655,15,10437,46,3,8,6,2113,WD,Normal,RL,one,finished,350000,7,284044.0
657,4,10007,0,2,5,7,1053,WD,Normal,RL,one,finished,145500,5,144535.0
658,10,7200,112,2,7,6,1502,WD,Normal,RL,two,finished,149000,6,192607.0
660,11,9937,0,1,5,7,1486,WD,Normal,RL,one,finished,167000,7,158237.0
661,34,12384,365,3,7,7,1935,WD,Normal,RL,two,finished,197900,7,205056.0
662,5,46589,76,3,8,7,2448,WD,Normal,RL,two,finished,402000,8,384132.0
663,42,13560,240,1,6,3,1392,WD,Normal,RL,one,finished,110000,5,143139.0
664,38,10012,180,2,4,5,1181,WD,Normal,RL,split,finished,137500,6,126579.0
665,4,20896,267,2,8,5,2097,New,Partial,RL,one,finished,423000,8,344088.0
666,10,11194,124,3,8,5,1936,WD,Normal,RL,two,finished,230500,7,257276.0
668,12,8125,42,2,6,5,1679,WD,Normal,RL,one,finished,193500,7,179494.0
669,23,14175,0,2,5,6,1437,WD,Normal,RL,one,finished,168000,6,162300.0
670,60,11600,67,1,4,5,1180,WD,Normal,RL,one,finished,137500,5,107990.0
671,5,8633,35,3,6,5,1476,WD,Normal,RL,two,finished,173500,7,174771.0
672,60,6629,0,2,6,6,1369,WD,Normal,RH,two,finished,103600,6,123624.0
673,33,11250,42,2,6,6,1208,WD,Normal,RL,one,finished,165000,6,155984.0
674,6,14442,287,2,6,7,1839,WD,Normal,RL,one,finished,257500,7,211589.0
675,45,9200,0,1,6,6,1136,WD,Normal,RL,one,finished,140000,5,149041.0
676,32,2289,0,3,6,6,1441,WD,Normal,RL,two,finished,148500,7,144666.0
677,60,9600,90,2,4,2,1774,WD,Normal,RM,two,finished,87000,8,98291.0
678,4,9022,120,1,5,8,792,WD,Normal,RL,one,finished,109500,5,123611.0
679,2,11844,82,3,8,5,2046,New,Partial,RL,one,finished,372500,7,306825.0
680,49,9945,0,1,5,5,988,WD,Normal,RL,one,finished,128500,5,121406.0
681,30,8012,0,2,6,5,923,WD,Normal,RL,one,finished,143000,5,132763.0
683,13,2887,0,1,6,5,1291,WD,Normal,RL,one,finished,173000,6,148246.0
684,8,11248,45,2,9,5,1668,WD,Normal,RL,one,finished,285000,7,287546.0
685,12,16770,81,3,7,5,1839,WD,Normal,RL,two,finished,221000,7,232787.0
686,26,5062,0,2,7,5,2090,WD,Normal,RL,two,finished,207500,6,210001.0
689,3,8089,0,2,8,6,1419,New,Partial,RL,one,finished,392000,7,238007.0
690,4,7577,28,2,6,5,1362,WD,Normal,RL,one,finished,194700,6,171436.0
691,6,4426,0,1,6,5,848,WD,Normal,RM,one,finished,141000,3,127564.0
692,15,21535,50,4,10,6,4316,WD,Normal,RL,two,finished,755000,10,636022.0
693,20,26178,27,3,7,5,2519,WD,Normal,RL,two,finished,335000,9,289429.0
695,60,6120,0,2,5,6,1539,WD,Normal,RM,one_and_half,finished,141500,5,124495.0
696,23,13811,0,2,6,6,1137,WD,Normal,RL,one,finished,176000,5,165349.0
697,60,6000,129,1,5,7,616,WD,Normal,RM,one,finished,89000,4,85856.0
698,58,6420,0,1,5,7,1148,WD,Normal,RL,one,finished,123500,6,126864.0
699,1,8450,144,1,5,8,894,WD,Normal,RL,one,finished,138500,5,137128.0
701,8,14331,78,2,8,5,1800,WD,Normal,RL,one,finished,312500,7,277956.0
703,4,12438,100,3,8,5,2576,New,Partial,RL,two,finished,361919,10,327807.0
704,14,7630,40,2,5,9,1812,WD,Normal,RM,two,finished,140000,8,140821.0
705,5,8400,179,2,7,5,1484,WD,Normal,RL,one,finished,213000,7,196461.0
706,60,5600,0,2,4,5,1092,WD,Normal,RM,two,finished,55000,7,87115.0
707,8,115149,48,2,7,5,1824,WD,Normal,RL,one,finished,302000,5,264882.0
708,4,6240,38,2,8,5,1324,WD,Normal,RL,one,finished,254000,6,222430.0
709,3,9018,24,3,7,5,1456,New,Partial,RL,two,finished,179540,8,197003.0
711,7,4130,0,1,3,6,729,WD,Normal,RL,one,finished,52000,5,77104.0
713,21,4671,120,2,8,5,1228,WD,Normal,RL,one,finished,189000,5,197245.0
714,40,9873,288,1,4,5,960,WD,Normal,RL,one,finished,129000,6,115036.0
715,5,13517,44,3,6,8,1479,WD,Normal,RL,two,finished,130500,6,190093.0
716,36,10140,0,2,6,5,1350,WD,Normal,RL,one,finished,165000,7,157323.0
717,12,10800,191,2,7,8,2554,WD,Normal,RM,two,finished,159500,8,198983.0
718,10,10000,0,2,5,6,1178,WD,Normal,RL,one,finished,157000,5,145197.0
719,16,10542,370,3,7,5,2418,WD,Normal,RL,two,finished,341000,9,259839.0
720,41,9920,0,2,5,6,971,WD,Normal,RL,one,finished,128500,5,127097.0
721,25,6563,262,2,8,5,1742,WD,Normal,RL,one,finished,275000,5,226295.0
722,6,4426,0,1,6,5,848,WD,Normal,RM,one,finished,143000,3,127564.0
723,40,8120,0,1,4,7,864,WD,Normal,RL,one,finished,124500,5,111085.0
724,38,8172,156,2,4,6,1470,WD,Normal,RL,one_and_half,finished,135000,7,135792.0
725,2,13286,64,2,9,5,1698,WD,Normal,RL,one,finished,320000,8,333854.0
726,40,6960,0,1,4,6,864,WD,Normal,RL,one,finished,120500,5,108851.0
727,3,21695,226,2,6,9,1680,WD,Normal,RL,one,finished,222000,5,219822.0
728,3,7314,0,2,7,5,1232,WD,Normal,RL,one,finished,194500,6,184760.0
730,60,6240,135,1,4,5,1208,WD,Normal,RM,one_and_half,finished,103000,5,96833.0
731,14,5389,152,2,8,5,1616,WD,Normal,RL,one,finished,236500,5,231239.0
732,7,9590,22,2,7,5,1146,WD,Normal,RL,split,finished,187500,6,177919.0
733,11,11404,84,3,7,5,2031,WD,Normal,RL,two,finished,222500,8,233741.0
734,27,10000,0,1,5,6,1144,WD,Normal,RL,one,finished,131400,6,141805.0
736,40,10800,341,2,7,7,1768,WD,Normal,RM,two_and_half,unfinished,163000,6,154421.0
737,60,8544,0,2,3,4,1040,WD,Normal,RL,one,finished,93500,6,83397.0
738,5,10463,116,3,8,5,1801,WD,Normal,RL,two,finished,239900,8,260087.0
740,6,9313,56,3,7,5,1728,WD,Normal,RL,two,finished,190000,7,212484.0
742,14,6768,0,1,6,8,912,WD,Normal,RL,one,finished,142000,5,140540.0
743,9,8450,55,2,7,5,1349,WD,Normal,RL,one,finished,179000,6,182745.0
744,11,12886,100,2,5,6,1464,WD,Normal,RL,split,finished,175000,6,163107.0
745,17,5395,238,2,8,5,1337,WD,Normal,RL,one,finished,180000,5,205163.0
746,14,8963,204,4,8,9,2715,WD,Normal,RL,two,finished,299800,11,316537.0
747,10,8795,54,3,7,5,2256,WD,Normal,RL,two,finished,236000,8,233055.0
748,7,11700,386,2,7,7,2640,WD,Normal,RM,two,finished,265979,8,221946.0
749,14,10593,210,2,7,5,1720,WD,Normal,RL,one,finished,260400,7,208175.0
750,60,8405,185,2,4,3,1529,WD,Normal,RL,one_and_half,finished,98000,9,95126.0
751,6,8800,160,1,4,7,1140,WD,Normal,RM,one_and_half,finished,96500,7,120798.0
752,7,7750,48,3,7,5,1320,WD,Normal,RL,two,finished,162000,6,183373.0
753,13,9236,27,2,6,5,1494,WD,Normal,RL,one,finished,217000,6,176474.0
754,5,10240,52,3,8,5,2098,WD,Normal,RL,two,finished,275500,8,292092.0
755,5,7930,48,1,6,8,1026,WD,Normal,RL,one,finished,156000,5,149431.0
757,3,10769,105,3,8,5,1768,WD,Normal,RL,two,finished,212000,7,266341.0
760,15,12257,98,3,8,5,2531,WD,Normal,RL,two,finished,290000,9,312871.0
761,51,9100,0,1,6,6,864,WD,Normal,RL,one,finished,127500,5,129899.0
762,60,6911,0,1,5,5,1301,WD,Normal,RM,one,finished,100000,5,105143.0
764,11,9430,308,3,8,5,2365,WD,Normal,RL,two,finished,337000,8,291913.0
765,14,9549,246,2,8,5,1494,WD,Normal,RL,one,finished,270000,6,228259.0
766,2,14587,174,2,9,5,1506,New,Partial,RL,one,finished,264132,6,315750.0
767,22,10421,222,3,7,5,1714,WD,Normal,RL,two,finished,196500,7,200206.0
768,25,12508,156,2,6,7,1750,WD,Normal,RL,one_and_half,finished,160000,7,185595.0
769,5,9100,33,2,7,5,1836,WD,Normal,RL,one,finished,216837,8,219214.0
770,7,53504,246,4,8,5,3279,WD,Normal,RL,two,finished,538000,12,405839.0
771,28,7252,0,1,5,5,858,WD,Normal,RL,split,finished,134900,5,120554.0
775,4,14226,45,2,8,5,1973,New,Partial,RL,one,finished,395000,9,321320.0
776,12,4500,247,2,6,5,1204,WD,Normal,RM,one,finished,162000,5,137009.0
777,4,11210,59,2,7,5,1614,New,Partial,RL,one,finished,221500,7,218138.0
778,36,13350,0,1,5,5,894,WD,Normal,RL,one,finished,142500,5,132673.0
779,33,8400,0,2,5,5,2020,WD,Normal,RH,one,finished,144000,10,132926.0
780,33,10530,0,1,6,5,1004,WD,Normal,RL,split,finished,135000,4,137607.0
781,14,7875,21,2,7,5,1253,WD,Normal,RL,one,finished,176000,6,178055.0
782,18,7153,124,3,6,5,1603,WD,Normal,RL,two,finished,175900,7,170960.0
783,8,16285,33,2,7,5,1430,WD,Normal,RL,one,finished,187100,6,201876.0
784,32,9101,30,1,5,6,1110,WD,Normal,RL,split,finished,165500,4,137549.0
785,9,6300,425,2,6,6,1484,WD,Normal,RM,two_and_half,unfinished,128000,9,148562.0
786,43,9790,197,2,6,5,1342,WD,Normal,RL,one,finished,161500,7,153475.0
787,60,10800,196,2,5,6,1652,WD,Normal,RM,one_and_half,finished,139000,7,128131.0
788,6,10142,45,3,7,5,2084,WD,Normal,RL,two,finished,233000,8,239810.0
789,10,6000,0,1,4,7,901,WD,Normal,RM,one,finished,107900,4,106658.0
790,3,12205,168,3,6,8,2087,WD,Normal,RL,two,finished,187500,9,224837.0
791,4,3182,16,2,7,5,1145,WD,Normal,RL,one,finished,160200,5,165917.0
792,34,11333,0,1,6,5,1062,WD,Normal,RL,split,finished,146800,5,147081.0
793,13,9920,130,3,7,5,2013,WD,Normal,RL,two,finished,269790,8,230365.0
794,3,9158,130,2,8,5,1496,New,Partial,RL,one,finished,225000,7,241200.0
795,14,10832,46,3,7,5,1895,WD,Normal,RL,two,finished,194500,7,213873.0
796,29,8400,254,3,6,6,1564,WD,Normal,RL,two,finished,171000,7,168114.0
797,33,8197,0,2,6,5,1285,WD,Normal,RL,one,finished,143500,7,151877.0
799,1,13518,78,4,9,5,3140,New,Partial,RL,two,finished,485000,11,504585.0
800,60,7200,264,2,5,7,1768,WD,Normal,RL,one_and_half,finished,175000,7,144121.0
801,13,12798,299,3,6,5,1688,WD,Normal,RL,two,finished,200000,8,189907.0
802,20,4800,0,1,4,7,1196,WD,Normal,RM,one,finished,109900,5,112895.0
803,5,8199,18,3,7,5,1456,WD,Normal,RL,two,finished,189000,7,192345.0
804,1,13891,362,4,9,5,2822,New,Partial,RL,two,finished,582933,12,525999.0
806,2,12274,60,2,7,5,1428,New,Partial,RL,one,finished,227680,6,212805.0
807,43,9750,0,2,5,5,980,WD,Normal,RL,split,finished,135500,6,122845.0
808,6,21384,312,2,5,6,1576,WD,Normal,RL,two,finished,223500,6,183911.0
809,44,13400,0,1,5,5,1086,WD,Normal,RL,split,finished,159950,6,142406.0
810,45,8100,156,2,5,5,2138,WD,Normal,RM,two_and_half,unfinished,106000,11,134581.0
811,11,10140,0,2,6,6,1309,WD,Normal,RL,one,finished,181000,5,166876.0
815,60,8248,96,2,5,7,1250,WD,Normal,RL,one_and_half,finished,116000,7,127387.0
816,12,12137,34,2,7,5,1661,WD,Normal,RL,one,finished,224900,6,208829.0
817,56,11425,120,1,5,6,1008,WD,Normal,RL,one,finished,137000,4,124654.0
818,8,13265,59,2,8,5,1689,WD,Normal,RL,one,finished,271000,7,259448.0
819,39,8816,0,1,6,7,1052,WD,Normal,RL,split,finished,155000,6,144300.0
820,0,6371,35,2,7,5,1358,New,Partial,RL,one,finished,224000,6,216365.0
821,7,7226,45,3,7,5,1640,WD,Normal,RL,two,finished,183000,6,203380.0
822,57,6000,144,1,4,4,936,WD,Normal,RM,one,finished,93000,4,85636.0
824,60,9900,0,2,6,7,1489,WD,Normal,RL,one_and_half,finished,139500,7,155522.0
826,2,14803,45,2,10,5,2084,New,Partial,RL,one,finished,385000,7,405616.0
827,60,6130,116,1,5,6,784,WD,Normal,RM,one_and_half,unfinished,109500,5,96496.0
828,9,8529,39,2,7,5,1434,WD,Normal,RL,one,finished,189000,6,185554.0
831,53,11900,192,2,6,5,1392,WD,Normal,RL,one,finished,166000,6,155073.0
833,7,9548,39,3,7,6,1829,WD,Normal,RL,two,finished,237000,7,216206.0
834,46,10004,152,2,6,6,1516,WD,Normal,RL,one,finished,167000,6,166267.0
835,49,7875,0,1,5,6,1144,WD,Normal,RL,one,finished,139950,6,134122.0
836,15,9600,0,2,4,7,1067,WD,Normal,RL,one,finished,128000,4,130337.0
838,37,1680,0,2,6,5,987,WD,Normal,RM,two,finished,100000,5,99468.0
839,4,9525,0,2,5,6,1099,WD,Normal,RL,one,finished,144000,6,144929.0
840,15,11767,0,1,5,6,1200,WD,Normal,RL,one_and_half,finished,130500,6,147238.0
841,60,12155,254,2,6,8,1482,WD,Normal,RH,two,finished,140000,7,135389.0
842,8,10440,146,2,5,8,1539,WD,Normal,RM,two,finished,157500,8,142565.0
843,44,9020,129,2,6,7,1165,WD,Normal,RL,split,finished,174900,6,150305.0
844,49,8000,0,2,5,4,1800,WD,Normal,RL,one,finished,141000,10,135280.0
845,60,12665,194,2,5,8,1416,WD,Normal,RM,one_and_half,finished,153900,7,130433.0
846,29,16647,0,2,5,5,1701,WD,Normal,RL,split,finished,171000,6,168345.0
847,17,9317,264,3,7,5,1775,WD,Normal,RL,two,finished,213000,7,202908.0
848,38,15523,0,1,5,6,864,WD,Normal,RL,one,finished,133500,5,136952.0
849,13,45600,215,3,6,8,2358,WD,Normal,RL,one_and_half,finished,240000,10,270202.0
850,16,9600,100,3,6,7,1855,WD,Normal,RL,split,finished,187000,7,188846.0
851,7,4435,0,1,6,5,848,WD,Normal,RM,one,finished,131500,3,126257.0
852,7,3196,20,2,8,5,1456,WD,Normal,RL,one,finished,215000,7,210343.0
853,60,7128,126,2,7,5,1646,WD,Normal,RL,two_and_half,unfinished,164000,7,163072.0
854,46,12095,0,2,6,6,1445,WD,Normal,RL,split,finished,158000,7,165068.0
856,0,6897,104,2,5,8,1040,WD,Normal,RL,one,finished,127000,6,151727.0
857,32,10970,34,1,6,6,1026,WD,Normal,RL,split,finished,147000,5,142263.0
858,15,8125,36,3,6,5,1481,WD,Normal,RL,two,finished,174000,6,170697.0
860,26,11029,287,3,6,7,2654,WD,Normal,RL,two,finished,250000,9,231977.0
861,12,7642,240,2,7,8,1426,WD,Normal,RL,one_and_half,finished,189950,7,185520.0
862,45,11625,0,2,5,4,1039,WD,Normal,RL,one,finished,131500,6,118013.0
863,25,9672,0,2,6,5,1097,WD,Normal,RL,one,finished,152000,6,149489.0
864,51,7931,0,1,5,5,1148,WD,Normal,RL,one,finished,132500,6,129272.0
866,40,8750,0,1,5,6,1002,WD,Normal,RL,one,finished,148500,5,125666.0
867,3,10656,80,2,8,5,1646,New,Partial,RL,one,finished,248900,6,261952.0
868,49,6970,0,2,4,5,1120,WD,Normal,RL,one,finished,129000,5,115915.0
869,60,14762,144,2,5,6,2320,WD,Normal,RL,two,finished,169000,7,180543.0
870,16,9938,90,3,7,5,1949,WD,Normal,RL,two,finished,236000,8,221159.0
871,48,6600,0,1,5,5,894,WD,Normal,RL,one,finished,109500,5,113074.0
872,12,8750,77,3,6,5,1682,WD,Normal,RL,two,finished,200500,7,180029.0
873,14,8892,150,1,5,7,910,WD,Normal,RL,one,finished,116000,5,129045.0
874,60,12144,28,1,5,7,1268,WD,Normal,RL,one,finished,133000,6,135820.0
877,47,25286,0,1,4,5,1040,WD,Normal,RL,one,finished,132250,5,135276.0
878,5,8834,0,3,9,5,2224,WD,Normal,RL,two,finished,350000,10,332700.0
879,15,11782,0,1,5,7,1155,WD,Normal,RL,split,finished,148000,6,146864.0
880,5,7000,0,1,5,8,864,WD,Normal,RL,one,finished,136500,6,128518.0
881,4,7024,49,2,5,5,1090,WD,Normal,RL,one,finished,157000,5,140333.0
882,19,13758,36,3,7,5,1717,WD,Normal,RL,one_and_half,finished,187500,7,209027.0
883,17,9636,40,3,6,5,1593,WD,Normal,RL,two,finished,178000,7,177141.0
884,60,6204,188,1,4,5,2230,WD,Normal,RL,two_and_half,finished,118500,10,133457.0
885,43,7150,0,1,5,5,892,WD,Normal,RL,one,finished,100000,5,115201.0
888,55,16466,265,2,5,7,1393,WD,Normal,RL,one_and_half,finished,135500,8,154589.0
889,40,15865,431,2,8,6,2217,WD,Normal,RL,one,finished,268000,8,280405.0
890,57,12160,162,1,6,4,1505,WD,Normal,RL,one,finished,149500,6,147831.0
891,4,8064,0,1,5,7,924,WD,Normal,RL,one_and_half,finished,122900,6,131034.0
892,32,11184,0,3,6,5,1683,WD,Normal,RL,two,finished,172500,7,169549.0
893,7,8414,0,1,6,8,1068,WD,Normal,RL,one,finished,154500,6,156051.0
894,56,13284,116,1,5,5,1383,WD,Normal,RL,one,finished,165000,6,144668.0
896,47,7056,50,2,6,5,1796,WD,Normal,RL,two,finished,140000,8,162914.0
899,0,12919,67,3,9,5,2364,New,Partial,RL,one,finished,611657,11,535621.0
900,16,6993,0,1,5,7,1236,WD,Normal,RL,one,finished,135000,6,141588.0
901,39,7340,0,1,4,6,858,WD,Normal,RL,one,finished,110000,4,109952.0
902,10,8712,0,1,5,7,1306,WD,Normal,RL,one,finished,153000,5,145780.0
903,7,7875,75,3,7,5,1509,WD,Normal,RL,two,finished,180000,8,195418.0
904,4,14859,60,2,7,5,1670,New,Partial,RL,one,finished,240000,7,239518.0
905,43,6173,0,1,5,6,902,WD,Normal,RL,one,finished,125500,6,117203.0
906,56,9920,164,1,5,5,1063,WD,Normal,RL,one,finished,128000,6,124326.0
907,4,13501,60,2,8,5,1636,WD,Normal,RL,one,finished,255000,8,272587.0
908,23,11500,322,2,7,7,2057,WD,Normal,RL,one_and_half,finished,250000,6,220357.0
909,27,8885,0,1,5,5,902,WD,Normal,RL,one,finished,131000,5,123664.0
910,5,12589,24,3,6,5,1484,WD,Normal,RL,two,finished,174000,8,185416.0
911,50,11600,0,2,5,5,2274,WD,Normal,RL,two,finished,154300,12,166095.0
912,21,9286,0,2,5,7,1268,WD,Normal,RL,one,finished,143500,5,145163.0
914,60,6270,0,2,5,6,2002,WD,Normal,RH,two,finished,145000,8,129456.0
916,40,2001,0,2,4,5,1092,WD,Normal,RM,two,finished,75000,6,88765.0
918,54,17140,0,1,4,6,1229,WD,Normal,RL,one,finished,135000,6,141196.0
919,19,13125,416,3,7,5,2127,WD,Normal,RL,two,finished,238000,8,234296.0
920,8,11029,241,1,6,8,1414,WD,Normal,RL,one,finished,176500,6,175035.0
921,16,8462,87,3,6,5,1721,WD,Normal,RL,two,finished,201000,7,180697.0
922,7,8777,70,4,5,7,2200,WD,Normal,RL,one_and_half,finished,145900,9,182822.0
923,4,10237,23,2,6,5,1316,New,Partial,RL,one,finished,169990,6,173841.0
924,16,8012,69,2,6,5,1617,WD,Normal,RL,one,finished,193000,5,178013.0
925,30,10240,131,2,6,6,1686,WD,Normal,RL,one,finished,207500,7,172851.0
927,6,11999,100,3,8,5,2374,WD,Normal,RL,two,finished,285000,10,310772.0
928,42,9900,43,3,7,5,1978,WD,Normal,RL,two,finished,176000,9,200323.0
929,9,11838,151,2,8,5,1788,WD,Normal,RL,one,finished,236500,7,249324.0
930,13,13006,0,3,7,5,2236,WD,Normal,RL,two,finished,222000,8,248935.0
931,3,8925,18,2,8,5,1466,WD,Normal,RL,one,finished,201000,7,233898.0
932,45,9100,0,1,5,6,925,WD,Normal,RL,one,finished,117500,5,123737.0
933,4,11670,191,2,9,5,1905,WD,Normal,RL,one,finished,320000,8,319308.0
934,6,8487,36,2,7,5,1500,WD,Normal,RL,one,finished,190000,6,196798.0
935,3,27650,0,2,7,7,2069,WD,Normal,RL,one,finished,242000,9,298942.0
936,57,5825,32,1,4,5,747,WD,Normal,RL,one,finished,79900,5,73068.0
937,7,10083,41,2,7,5,1200,WD,Normal,RL,one,finished,184900,5,181528.0
938,5,9675,48,3,7,5,1971,WD,Normal,RL,two,finished,253000,8,237510.0
939,4,8760,90,3,7,5,1962,New,Partial,RL,two,finished,239799,7,236956.0
941,34,12640,0,2,6,5,1728,WD,Normal,RL,one,finished,150900,8,176685.0
942,11,8755,168,3,7,5,2060,WD,Normal,RL,two,finished,214000,8,224219.0
944,43,25000,0,2,5,4,1632,WD,Normal,RL,one,finished,143000,8,156075.0
946,14,8820,244,1,5,6,1869,WD,Normal,RM,one_and_half,finished,124900,7,140143.0
947,51,8163,0,1,5,6,1144,WD,Normal,RL,split,finished,143000,6,134177.0
948,7,14536,252,2,8,5,1629,WD,Normal,RL,one,finished,270000,9,269215.0
949,8,14006,96,3,7,5,1776,WD,Normal,RL,two,finished,192500,7,226707.0
950,4,9360,0,2,6,7,1381,WD,Normal,RL,one,finished,197500,5,174579.0
951,8,7200,0,1,5,8,864,WD,Normal,RL,one,finished,129000,5,127466.0
953,7,7200,0,1,5,8,768,WD,Normal,RL,split,finished,133900,5,119185.0
954,41,11075,189,3,5,4,1968,WD,Normal,RL,two,finished,172000,7,149809.0
956,60,7136,0,2,6,6,1958,WD,Normal,RH,two,finished,145000,8,136589.0
957,30,1300,0,2,6,6,1229,WD,Normal,RM,two,finished,124000,5,115504.0
958,48,7420,0,1,5,5,1057,WD,Normal,RL,one,finished,132000,6,126445.0
959,7,8450,39,2,7,5,1337,WD,Normal,RL,one,finished,185000,6,183932.0
961,2,7207,0,1,5,7,858,WD,Normal,RL,one,finished,116500,4,131216.0
962,15,12227,282,3,6,7,2872,WD,Normal,RL,two,finished,272000,11,254640.0
963,34,2308,0,3,6,6,1548,WD,Normal,RL,two,finished,155000,7,149702.0
964,3,11923,136,2,9,5,1800,WD,Normal,RL,one,finished,239000,7,316506.0
965,7,11316,40,3,7,5,1894,WD,Normal,RL,two,finished,214900,8,218615.0
966,3,10237,72,3,6,5,1484,New,Partial,RL,two,finished,178900,8,182997.0
967,60,9600,70,2,5,7,1308,WD,Normal,RL,one_and_half,finished,160000,7,130576.0
968,55,7390,0,1,5,7,1098,WD,Normal,RL,one,finished,135000,6,128337.0
972,6,2268,27,2,7,5,1626,WD,Normal,RL,two,finished,173000,6,182008.0
973,31,7892,0,2,6,5,918,WD,Normal,RL,one,finished,99500,5,132623.0
975,17,11414,135,1,7,8,2019,WD,Normal,RL,two,finished,167500,8,226144.0
977,52,5900,0,1,4,7,869,WD,Normal,RL,one,finished,85500,4,100371.0
980,47,8816,80,1,5,6,1121,WD,Normal,RL,one,finished,139000,5,135240.0
981,3,12122,76,1,7,9,999,WD,Normal,RL,split,finished,178400,6,175203.0
982,11,12203,0,3,8,5,2612,WD,Normal,RL,two,finished,336000,8,312619.0
983,3,3182,16,2,7,5,1266,WD,Normal,RL,one,finished,159895,6,172769.0
984,8,11250,0,3,8,5,2290,WD,Normal,RL,two,finished,255900,9,287184.0
987,7,5310,0,1,6,8,1635,WD,Normal,RM,one_and_half,finished,117000,5,155427.0
988,0,10159,95,3,9,5,1940,New,Partial,RL,one,finished,395192,8,387237.0
989,34,12046,224,3,6,6,2030,WD,Normal,RL,two,finished,195000,8,191670.0
991,12,9452,70,3,8,5,2392,WD,Normal,RL,two,finished,348000,7,292842.0
992,24,17671,169,2,8,9,1742,WD,Normal,RM,two,finished,168000,8,206592.0
993,17,9760,42,3,6,8,1851,WD,Normal,RL,two,finished,187000,7,186997.0
994,4,8846,35,3,6,5,1500,New,Partial,RL,two,finished,173900,6,181524.0
995,3,12456,48,2,10,5,1718,WD,Normal,RL,one,finished,337500,7,335384.0
998,40,11717,0,2,6,6,1442,WD,Normal,RL,one,finished,185000,6,164618.0
999,60,9786,148,1,3,4,1077,WD,Normal,RM,one,finished,91000,6,88004.0
1000,4,6762,61,2,7,5,1208,WD,Normal,RL,one,finished,206000,6,182209.0
1001,58,10206,0,1,3,3,944,WD,Normal,RL,one,finished,82000,4,82145.0
1003,4,11957,104,2,8,5,1574,WD,Normal,RL,one,finished,232000,7,256235.0
1004,34,11500,0,2,5,6,1680,WD,Normal,RL,one,finished,136905,8,154405.0
1005,4,3182,0,2,7,5,1504,WD,Normal,RL,one,finished,181000,7,186256.0
1006,33,8385,0,2,5,8,985,WD,Normal,RL,split,finished,149900,6,127402.0
1007,40,12155,147,2,6,3,1657,WD,Normal,RL,one,finished,163500,7,149267.0
1008,40,2217,0,2,4,4,1092,WD,Normal,RM,two,finished,88000,6,81421.0
1009,5,12118,228,2,7,5,1710,WD,Normal,RL,one,finished,240000,7,218260.0
1010,60,6000,138,2,5,5,1522,WD,Normal,RL,one_and_half,finished,102000,7,120396.0
1011,60,21286,108,2,5,5,1271,WD,Normal,RL,one_and_half,finished,135000,7,134874.0
1012,45,9825,0,2,5,5,1664,WD,Normal,RL,one,finished,100000,8,147104.0
1013,14,10592,165,2,6,7,1502,WD,Normal,RL,two,finished,165000,7,179270.0
1014,4,7200,256,1,5,4,1022,WD,Normal,RM,one,finished,85000,4,107552.0
1015,60,11664,130,1,6,5,1082,WD,Normal,RL,one,finished,119200,5,125022.0
1016,9,8400,45,3,8,6,1665,WD,Normal,RL,two,finished,227000,6,241255.0
1017,14,11883,66,2,7,5,1504,WD,Normal,RL,one,finished,203000,6,197924.0
1019,18,10784,0,3,7,5,1472,WD,Normal,RL,split,finished,160000,7,186738.0
1020,5,3013,20,2,7,5,1506,WD,Normal,RL,one,finished,213490,6,183120.0
1021,5,7024,64,2,4,5,1132,WD,Normal,RL,one,finished,176000,5,132227.0
1022,4,7406,54,2,7,5,1220,New,Partial,RL,one,finished,194000,6,184053.0
1023,60,9439,192,1,5,5,1248,WD,Normal,RM,one_and_half,finished,87000,6,107169.0
1024,4,3182,20,2,7,5,1504,WD,Normal,RL,one,finished,191000,7,186256.0
1026,38,7700,0,1,5,5,882,WD,Normal,RL,one,finished,112500,5,118045.0
1027,50,9300,143,1,5,5,1264,WD,Normal,RL,one,finished,167500,6,133010.0
1028,2,9520,44,2,8,5,1646,New,Partial,RL,one,finished,293077,7,271872.0
1029,60,9492,0,1,5,5,1376,WD,Normal,RL,one_and_half,finished,105000,6,119634.0
1030,38,1680,28,2,6,7,1218,WD,Normal,RM,two,finished,118000,7,114235.0
1031,15,7082,228,2,5,8,1928,WD,Normal,RH,two,finished,160000,10,139177.0
1032,40,15863,63,3,7,3,3082,WD,Normal,RL,two_and_half,finished,197000,12,250331.0
1034,8,8125,136,2,7,5,1654,WD,Normal,RL,one,finished,230000,6,203825.0
1035,60,6305,0,1,5,7,954,WD,Normal,RL,one,finished,119750,5,111360.0
1036,53,11500,0,1,4,3,845,WD,Normal,RL,one,finished,84000,5,85283.0
1037,2,12898,0,2,9,5,1620,WD,Normal,RL,one,finished,315500,6,327829.0
1038,8,9240,234,3,8,5,2263,WD,Normal,RL,two,finished,287000,7,276084.0
1039,2,1533,0,2,4,6,1344,WD,Normal,RM,two,finished,97000,6,115148.0
1040,40,1477,0,1,4,4,630,WD,Normal,RM,split,finished,80000,3,63958.0
1041,10,13125,0,2,5,4,1803,WD,Normal,RL,one,finished,155000,8,161482.0
1042,10,9130,40,2,6,8,1632,WD,Normal,RL,two,finished,173000,7,182882.0
1043,5,5381,63,2,6,5,1306,WD,Normal,RL,one,finished,196000,5,165223.0
1044,20,11839,121,3,7,5,2329,WD,Normal,RL,two,finished,262280,10,243988.0
1045,29,9600,120,3,8,5,2524,WD,Normal,RL,one,finished,278000,9,267293.0
1046,55,13680,0,2,3,5,1733,WD,Normal,RL,one,finished,139600,8,142099.0
1047,4,16056,108,4,9,5,2868,New,Partial,RL,two,finished,556581,11,462367.0
1048,15,9245,0,1,5,5,990,WD,Normal,RL,one,finished,145000,5,131616.0
1049,4,21750,0,1,5,4,1771,WD,Normal,RL,one,finished,115000,9,173468.0
1051,3,8993,22,2,7,5,1302,New,Partial,RL,one,finished,176485,6,189367.0
1052,3,11175,20,2,7,5,1316,New,Partial,RL,one,finished,200141,6,194883.0
1053,32,9500,52,2,6,6,1977,WD,Normal,RL,two,finished,165000,9,183269.0
1054,8,8562,78,1,5,6,1526,WD,Normal,RL,one,finished,144500,7,159268.0
1055,8,11367,60,3,8,5,1989,WD,Normal,RL,two,finished,255000,7,274848.0
1057,5,7052,36,2,7,5,1364,WD,Normal,RL,one,finished,185850,6,185717.0
1058,16,29959,98,3,7,6,1850,WD,Normal,RL,two,finished,248000,7,260478.0
1059,2,11308,102,3,9,5,2184,WD,Normal,RL,two,finished,335000,10,365857.0
1060,60,11275,19,2,6,7,1991,WD,Normal,RL,one_and_half,finished,220000,7,180287.0
1061,9,4920,170,2,8,5,1338,WD,Normal,RL,one,finished,213500,6,211515.0
1063,60,13600,57,2,5,5,2337,WD,Normal,RM,two,finished,90000,10,136482.0
1064,30,6000,120,1,6,6,1103,WD,Normal,RM,one,finished,110500,5,124047.0
1065,44,11000,58,2,5,6,1154,WD,Normal,RL,one,finished,154000,6,139318.0
1066,13,14000,44,3,7,5,2260,WD,Normal,RL,two,finished,328000,7,260361.0
1067,16,7837,40,3,6,7,1571,WD,Normal,RL,two,finished,178000,7,177667.0
1068,46,9760,317,2,6,6,1611,WD,Normal,RL,two,finished,167900,7,166769.0
1069,37,3964,20,3,6,4,2521,WD,Normal,RM,two,finished,151400,10,137342.0
1070,7,9600,0,1,5,7,893,WD,Normal,RL,one_and_half,unfinished,135000,4,130665.0
1071,54,10152,212,1,5,5,1048,WD,Normal,RL,one,finished,135000,6,124542.0
1072,42,11700,0,2,6,6,1556,WD,Normal,RL,two,finished,154000,8,169435.0
1073,60,7585,0,1,5,3,1456,WD,Normal,RL,one_and_half,finished,91500,7,97637.0
1074,33,7950,0,2,6,6,1426,WD,Normal,RL,two,finished,159500,6,159835.0
1075,4,8556,93,2,7,5,1240,WD,Normal,RL,one,finished,194000,5,186334.0
1077,21,10800,21,2,5,8,1466,WD,Normal,RL,one_and_half,finished,170000,7,155858.0
1079,6,4435,0,1,6,5,848,WD,Normal,RM,one,finished,155900,3,127564.0
1080,16,8775,64,1,5,5,990,WD,Normal,RL,one,finished,126000,5,130281.0
1082,47,7500,220,2,5,5,1040,WD,Normal,RL,one,finished,133000,5,124219.0
1083,8,8749,39,2,7,5,1459,WD,Normal,RL,one,finished,192000,6,188393.0
1084,46,8800,116,1,6,6,1251,WD,Normal,RL,one,finished,160000,6,152500.0
1085,14,13031,44,3,6,5,1498,WD,Normal,RL,two,finished,187500,6,184607.0
1086,18,9069,0,1,6,6,996,WD,Normal,RL,split,finished,147000,5,141903.0
1087,37,1974,96,2,4,5,1092,WD,Normal,RM,two,finished,83500,6,89511.0
1089,6,2522,40,2,7,5,1709,WD,Normal,RM,two,finished,137500,7,151445.0
1091,60,8544,0,2,3,4,1040,WD,Normal,RL,one,finished,92900,6,83397.0
1093,60,8400,128,2,6,5,1694,WD,Normal,RL,one_and_half,finished,136500,7,143807.0
1094,12,9230,64,2,5,8,1200,WD,Normal,RL,one,finished,146000,6,146040.0
1095,10,5868,240,1,5,7,936,WD,Normal,RL,one,finished,129000,4,125074.0
1096,4,9317,22,2,6,5,1314,WD,Normal,RL,one,finished,176432,6,170932.0
1097,4,6882,115,2,6,7,1355,WD,Normal,RM,two,finished,127000,7,150060.0
1098,24,3696,211,2,8,5,1088,WD,Normal,RL,one,finished,170000,5,186342.0
1099,60,6000,0,1,4,6,1324,WD,Normal,RM,one_and_half,finished,128000,6,109796.0
1101,60,8400,0,1,2,5,438,WD,Normal,RL,one,finished,60000,3,66145.0
1102,39,9758,0,1,5,5,950,WD,Normal,RL,one,finished,119500,5,123729.0
1104,51,8910,192,1,6,6,1194,WD,Normal,RL,one,finished,159500,6,148179.0
1105,40,2016,0,3,5,5,1302,WD,Normal,RM,two,finished,106000,6,103189.0
1106,15,12256,32,3,8,5,2622,WD,Normal,RL,two,finished,325000,9,316987.0
1107,19,10357,244,2,7,5,1442,WD,Normal,RL,one,finished,179900,6,184553.0
1108,4,23257,100,3,7,5,2021,New,Partial,RL,two,finished,274725,9,280394.0
1110,5,11362,185,2,8,5,1836,WD,Normal,RL,one,finished,280000,7,262490.0
1111,14,8000,84,3,6,5,1658,WD,Normal,RL,two,finished,188000,8,178429.0
1112,34,10480,69,3,7,6,1964,WD,Normal,RL,two,finished,205000,8,203527.0
1113,53,7100,0,1,5,7,816,WD,Normal,RL,one,finished,129900,5,112472.0
1114,4,8923,18,1,5,7,1008,WD,Normal,RL,one,finished,134500,6,133888.0
1115,10,5400,0,1,5,7,833,WD,Normal,RL,one,finished,117000,4,117023.0
1116,3,12085,0,2,8,5,1734,New,Partial,RL,one,finished,318000,7,270230.0
1117,8,7750,0,3,8,5,1419,WD,Normal,RL,split,finished,184100,7,218907.0
1118,7,9764,0,1,5,7,894,WD,Normal,RL,one,finished,130000,5,131136.0
1119,23,13825,34,1,5,6,1601,WD,Normal,RL,split,finished,140000,6,167804.0
1120,51,7560,252,1,5,5,1040,WD,Normal,RL,one,finished,133700,6,123674.0
1121,60,8263,134,1,6,5,1012,WD,Normal,RM,one,finished,118400,6,103806.0
1122,4,10084,20,2,7,5,1552,New,Partial,RL,one,finished,212900,7,214205.0
1124,2,9405,200,1,5,9,698,WD,Normal,RL,one,finished,118000,4,117212.0
1125,18,9125,25,3,7,5,1482,WD,Normal,RL,split,finished,163900,7,185675.0
1126,55,10434,0,1,4,5,1005,WD,Normal,RL,one,finished,115000,5,110643.0
1127,3,3684,20,2,7,5,1555,WD,Normal,RL,one,finished,174000,7,202681.0
1129,5,11796,48,3,7,5,1959,WD,Normal,RL,two,finished,215000,8,234654.0
1130,30,7200,0,1,5,5,936,WD,Normal,RM,split,finished,140000,4,107920.0
1131,60,7804,44,2,4,3,1981,WD,Normal,RL,one_and_half,finished,135000,7,110956.0
1133,60,9900,48,2,6,4,2210,WD,Normal,RM,two,finished,117500,8,128322.0
1134,15,9828,155,3,8,5,2020,WD,Normal,RL,two,finished,239500,8,265724.0
1135,13,8773,38,3,6,5,1600,WD,Normal,RL,two,finished,169000,7,179056.0
1136,60,6180,128,1,6,5,986,WD,Normal,RM,one,finished,102000,5,102551.0
1138,14,6342,176,1,5,8,1020,WD,Normal,RL,one_and_half,finished,94000,6,127723.0
1139,33,9819,32,2,6,5,1567,WD,Normal,RL,one,finished,196000,5,166274.0
1140,60,8731,342,1,5,5,1167,WD,Normal,RL,one,finished,144000,6,111895.0
1142,34,10304,96,3,5,7,1868,WD,Normal,RL,two,finished,197500,9,160055.0
1143,3,9965,144,3,8,5,2828,New,Partial,RL,two,finished,424870,11,346403.0
1144,51,9000,24,1,5,3,1006,WD,Normal,RL,one,finished,80000,5,94221.0
1145,60,12180,0,1,4,4,924,WD,Normal,RL,one_and_half,finished,80000,5,90165.0
1147,25,11200,26,2,6,5,1298,WD,Normal,RL,one,finished,180000,5,159575.0
1148,60,12000,0,2,7,7,1564,WD,Normal,RL,two,finished,174500,7,181571.0
1149,60,5700,176,1,7,7,1111,WD,Normal,RM,one_and_half,finished,116900,5,132238.0
1150,22,9000,0,1,7,9,1482,WD,Normal,RM,two,finished,143000,7,153845.0
1151,60,8280,214,1,6,5,932,WD,Normal,RL,one,finished,124000,4,110457.0
1152,51,17755,240,2,5,4,1466,WD,Normal,RL,one,finished,149900,6,145188.0
1154,3,5890,96,1,6,8,816,WD,Normal,RM,one,finished,120500,5,124763.0
1155,22,13700,357,3,7,6,1820,WD,Normal,RL,two,finished,201800,8,214054.0
1156,6,10768,201,2,5,8,1437,WD,Normal,RL,one,finished,218000,6,158095.0
1157,11,9350,188,2,5,8,1265,WD,Normal,RL,split,finished,179900,6,147174.0
1158,2,5001,62,2,7,5,1314,WD,Normal,RL,one,finished,230000,6,197522.0
1160,36,9120,69,3,6,6,1876,WD,Normal,RL,two,finished,185000,8,174229.0
1161,32,2280,0,3,6,5,1456,WD,Normal,RL,two,finished,146000,7,143018.0
1162,4,14778,216,1,6,7,1640,WD,Normal,RL,one,finished,224000,7,210931.0
1163,42,8724,0,1,5,5,894,WD,Normal,RL,one,finished,129000,5,118098.0
1165,32,16157,180,2,5,7,1432,WD,Normal,RL,split,finished,194000,5,162153.0
1166,1,9541,114,2,7,5,1502,New,Partial,RL,one,finished,233170,7,219478.0
1167,2,10475,33,2,8,5,1694,WD,Normal,RL,one,finished,245350,7,275915.0
1168,10,10852,38,3,6,5,1671,WD,Normal,RL,two,finished,173000,7,183482.0
1169,24,13728,90,2,6,7,2108,WD,Normal,RL,two,finished,235000,7,210865.0
1170,14,35760,76,4,10,5,3627,WD,Normal,RL,two,finished,625000,10,466275.0
1171,33,9880,0,1,6,6,1118,WD,Normal,RL,split,finished,171000,6,151016.0
1172,52,9120,288,1,6,6,1261,WD,Normal,RL,one,finished,163000,6,151969.0
1174,16,18030,0,3,5,6,3086,WD,Normal,RL,one_and_half,finished,200500,12,227455.0
1175,60,16560,0,3,6,8,2345,WD,Normal,RL,two,finished,239000,9,214020.0
1176,10,10678,33,3,8,5,2872,WD,Normal,RL,one_and_half,finished,285000,9,340704.0
1177,25,6951,0,1,5,5,923,WD,Normal,RL,one,finished,119500,5,122772.0
1178,6,3950,116,1,6,8,1224,WD,Normal,RM,one_and_half,finished,115000,5,141091.0
1179,60,7681,102,2,5,6,1343,WD,Normal,RL,one_and_half,finished,154900,7,129936.0
1180,56,8335,226,1,5,5,1124,WD,Normal,RL,one,finished,93000,5,124557.0
1181,19,11170,0,3,7,5,2514,WD,Normal,RL,two,finished,250000,8,247209.0
1182,2,5587,206,2,8,5,1652,New,Partial,RM,one,finished,392500,5,308222.0
1184,60,10800,0,1,5,6,1130,WD,Normal,RL,one,finished,120000,5,128962.0
1185,47,35133,526,2,5,4,1572,WD,Normal,RL,one,finished,186700,5,169739.0
1186,60,9738,236,1,5,7,1221,WD,Normal,RL,one_and_half,finished,104900,7,128910.0
1188,15,12461,306,2,8,5,1624,WD,Normal,RL,one,finished,262000,5,250288.0
1189,8,8935,68,3,7,5,1660,WD,Normal,RL,two,finished,195000,7,204360.0
1190,11,7500,60,3,7,5,1804,WD,Normal,RL,two,finished,189000,7,207018.0
1191,35,32463,0,1,4,4,1622,WD,Normal,RL,one,finished,168000,7,163714.0
1193,16,9600,84,1,5,8,1472,WD,Normal,RM,one_and_half,finished,125000,6,134573.0
1194,11,4500,304,2,6,5,1224,WD,Normal,RM,one,finished,165000,5,137504.0
1195,41,9364,36,2,6,7,1352,WD,Normal,RL,two,finished,158000,7,157983.0
1196,5,8029,24,3,6,5,1456,WD,Normal,RL,two,finished,176000,8,174391.0
1197,4,14054,17,3,7,5,1863,New,Partial,RL,two,finished,219210,9,245041.0
1199,9,9100,0,2,7,5,1212,WD,Normal,RL,one,finished,178000,6,178353.0
1200,31,11235,82,2,4,5,1382,WD,Normal,RL,one,finished,148000,6,135303.0
1202,12,10400,36,3,7,5,1779,WD,Normal,RL,two,finished,197900,6,209565.0
1203,13,6000,208,1,5,8,1348,WD,Normal,RM,one_and_half,finished,117000,5,128621.0
1204,9,9750,234,2,7,5,1630,WD,Normal,RL,one,finished,213000,6,205921.0
1205,35,10140,88,2,5,6,1074,WD,Normal,RL,one,finished,153500,6,137631.0
1206,19,14684,70,2,7,7,2196,WD,Normal,RL,one,finished,271900,7,244806.0
1207,44,8900,42,1,4,4,1056,WD,Normal,RH,one,finished,107000,5,94112.0
1208,7,9135,23,2,6,5,1700,WD,Normal,RL,one,finished,200000,7,184304.0
1209,30,7763,0,1,5,7,1283,WD,Normal,RL,one,finished,140000,6,140794.0
1210,4,10182,50,2,8,5,1660,New,Partial,RL,one,finished,290000,8,260091.0
1211,18,11218,104,3,6,5,1845,WD,Normal,RL,two,finished,189000,8,184137.0
1212,5,12134,12,2,8,7,1752,WD,Normal,RL,one_and_half,finished,164000,8,266181.0
1213,60,9340,113,1,4,6,672,WD,Normal,RL,one,finished,113000,4,86391.0
1215,48,10205,72,1,5,5,999,WD,Normal,RL,split,finished,134500,6,122766.0
1216,44,7094,0,1,5,5,894,WD,Normal,RL,one,finished,125000,5,115842.0
1217,32,8930,0,2,6,5,1902,WD,Normal,RM,one_and_half,finished,112000,8,139495.0
1219,60,6240,0,1,4,5,912,WD,Normal,RM,one_and_half,finished,80500,3,88137.0
1222,42,8250,63,1,5,5,1211,WD,Normal,RL,one,finished,134000,5,133160.0
1223,60,10496,0,2,6,6,1846,WD,Normal,RL,one_and_half,finished,143000,7,165964.0
1224,59,10680,30,2,5,3,2136,WD,Normal,RL,one,finished,137900,7,137742.0
1225,5,15384,75,3,7,5,1490,WD,Normal,RL,two,finished,184000,8,212603.0
1226,52,10482,0,1,6,8,1138,WD,Normal,RL,split,finished,145000,6,150480.0
1227,3,14598,18,3,6,5,1933,WD,Normal,RL,two,finished,214000,9,221566.0
1228,2,8872,240,1,5,8,912,WD,Normal,RL,one,finished,147000,5,134063.0
1229,2,8769,296,2,9,5,1702,New,Partial,RL,one,finished,367294,7,310919.0
1230,50,7910,0,2,5,5,1507,WD,Normal,RL,split,finished,127000,7,140597.0
1231,33,18890,169,4,5,5,2620,WD,Normal,RL,one_and_half,finished,190000,12,196275.0
1232,48,7728,18,1,5,6,1190,WD,Normal,RL,split,finished,132500,6,134760.0
1233,48,9842,0,2,4,5,1224,WD,Normal,RL,one,finished,101800,6,123412.0
1236,60,13132,40,2,5,5,1784,WD,Normal,RL,two,finished,138887,9,142117.0
1237,7,2628,27,3,7,5,1626,WD,Normal,RL,two,finished,175500,6,186117.0
1238,5,12393,48,3,7,5,1948,WD,Normal,RL,two,finished,195000,8,236811.0
1240,4,9037,33,2,8,5,1484,WD,Normal,RL,one,finished,265900,6,237174.0
1241,7,8158,63,3,7,5,1768,WD,Normal,RL,two,finished,224900,8,208467.0
1242,3,9849,56,2,7,6,1689,New,Partial,RL,one,finished,248328,7,223144.0
1244,4,13891,229,3,10,5,2076,New,Partial,RL,one,finished,465000,7,393228.0
1245,60,11435,0,1,8,7,1517,WD,Normal,RL,two,finished,230000,7,219481.0
1248,34,12328,0,1,6,5,1034,WD,Normal,RL,split,finished,169900,6,147237.0
1249,60,9600,259,2,6,5,2058,WD,Normal,RM,two_and_half,unfinished,129500,8,132208.0
1250,60,7200,80,1,5,7,988,WD,Normal,RL,one,finished,119000,6,115145.0
1251,42,11160,0,3,7,5,2110,WD,Normal,RL,one,finished,244000,8,213989.0
1252,7,3136,36,2,7,5,1405,WD,Normal,RL,one,finished,171750,6,172095.0
1253,42,9858,0,1,5,6,874,WD,Normal,RL,one,finished,130000,5,122231.0
1254,7,17542,47,3,7,7,2167,WD,Normal,RL,two,finished,294000,9,275130.0
1255,6,6931,128,3,7,5,1656,WD,Normal,RL,two,finished,165400,7,204109.0
1256,60,6240,120,1,6,6,1367,WD,Normal,RM,one_and_half,finished,127500,6,125268.0
1257,16,14303,36,2,8,5,1987,WD,Normal,RL,one,finished,301500,7,296926.0
1258,60,4060,96,1,5,8,864,WD,Normal,RL,one,finished,99900,4,99299.0
1259,5,9587,0,2,7,5,1166,WD,Normal,RL,split,finished,190000,5,182227.0
1260,41,9750,80,2,6,8,1054,WD,Normal,RL,one,finished,151000,6,146871.0
1261,11,24682,103,3,6,5,1675,WD,Normal,RL,two,finished,181000,7,206310.0
1262,54,9600,0,1,5,6,1050,WD,Normal,RL,one,finished,128900,5,129739.0
1263,21,11250,0,1,4,5,1788,WD,Normal,RL,one_and_half,finished,161500,8,150283.0
1264,60,13515,126,1,6,6,1824,WD,Normal,RL,two,finished,180500,8,175160.0
1267,60,10120,264,2,7,4,1889,WD,Normal,RM,two_and_half,unfinished,122000,9,135820.0
1268,1,13214,76,2,9,5,2018,WD,Normal,RL,one,finished,378500,10,389837.0
1269,13,14100,12,4,8,9,3447,WD,Normal,RL,one_and_half,finished,381000,11,400032.0
1270,52,11344,0,2,5,5,1524,WD,Normal,RL,one_and_half,finished,144000,7,144818.0
1271,31,23595,0,1,7,6,1524,WD,Normal,RL,one,finished,260000,4,223025.0
1272,42,9156,0,2,6,7,1489,WD,Normal,RL,one,finished,185750,7,164155.0
1273,45,13526,0,1,5,6,935,WD,Normal,RL,one,finished,137000,5,135491.0
1274,4,11512,163,1,6,7,1357,WD,Normal,RL,split,finished,177000,5,175532.0
1275,7,5362,81,2,5,6,1250,WD,Normal,RL,one_and_half,finished,139000,8,141480.0
1276,60,11345,0,2,5,5,1920,WD,Normal,RL,two,finished,137000,10,136932.0
1277,38,12936,116,2,6,6,1395,WD,Normal,RL,two,finished,162000,6,170852.0
1278,34,17871,0,2,6,5,1724,WD,Normal,RL,split,finished,197900,7,188683.0
1279,8,9473,211,3,8,5,2031,WD,Normal,RL,two,finished,237000,7,266685.0
1281,8,9808,72,2,7,5,1573,WD,Normal,RL,one,finished,227000,6,205947.0
1282,20,8049,148,2,7,5,1339,WD,Normal,RL,one,finished,180000,6,175885.0
1283,2,8800,288,2,5,7,1040,WD,Normal,RL,one,finished,150500,5,142467.0
1284,39,9400,0,4,6,5,1824,WD,Normal,RL,two,finished,139000,8,169891.0
1285,20,9638,158,2,6,7,2447,WD,Normal,RL,one_and_half,finished,169000,10,210907.0
1286,60,6000,0,1,6,6,1412,WD,Normal,RM,one_and_half,finished,132500,6,126330.0
1287,47,9790,26,2,6,5,1328,WD,Normal,RL,one,finished,143000,6,152423.0
1288,46,36500,198,2,5,5,1582,WD,Normal,RL,one,finished,190000,7,182771.0
1289,10,5664,59,2,8,5,1659,WD,Normal,RL,one,finished,278000,5,232753.0
1290,4,11065,74,3,8,5,1970,New,Partial,RL,two,finished,281000,8,285232.0
1291,46,14112,0,1,5,7,1152,WD,Normal,RL,split,finished,180500,6,150237.0
1292,38,1680,0,3,5,7,1302,WD,Normal,RM,two,finished,119500,6,107946.0
1293,45,6600,287,2,5,4,2372,WD,Normal,RM,two,finished,107500,11,127447.0
1294,34,10140,287,3,7,5,1664,WD,Normal,RL,two,finished,162900,8,187765.0
1295,20,8172,0,1,5,7,864,WD,Normal,RL,one,finished,115000,5,126236.0
1296,42,8400,0,2,5,5,1052,WD,Normal,RL,one,finished,138500,5,129052.0
1297,47,8700,143,2,5,6,1128,WD,Normal,RL,one,finished,155000,6,134955.0
1298,4,3675,44,2,6,5,1072,New,Partial,RM,split,finished,140000,5,136206.0
1299,2,63887,292,3,10,5,5642,New,Partial,RL,two,finished,160000,12,461982.0
1300,16,7500,0,2,5,7,1246,WD,Normal,RL,one,finished,154000,6,143386.0
1301,11,10762,0,3,7,5,1983,WD,Normal,RL,two,finished,225000,9,231384.0
1302,60,7500,224,1,6,7,1494,WD,Normal,RL,two,finished,177500,7,153859.0
1303,16,10120,78,3,8,5,2526,WD,Normal,RL,two,finished,290000,8,299296.0
1304,5,8688,59,2,7,5,1616,WD,Normal,RL,one,finished,232000,7,208402.0
1305,6,3363,40,2,7,5,1708,WD,Normal,RM,two,finished,130000,7,156641.0
1306,3,13173,102,2,9,5,1652,WD,Normal,RL,one,finished,325000,6,319315.0
1307,4,6955,35,2,7,5,1368,New,Partial,RL,one,finished,202500,6,189520.0
1308,15,8072,64,1,5,5,990,WD,Normal,RL,one,finished,138000,5,130245.0
1309,5,12000,36,1,5,7,1122,WD,Normal,RM,one,finished,147000,6,134010.0
1310,19,7153,51,2,6,5,1294,WD,Normal,RL,one,finished,179200,6,156175.0
1311,8,17500,369,2,7,8,1902,WD,Normal,RL,one,finished,335000,7,251005.0
1312,3,8814,98,2,7,5,1274,New,Partial,RL,one,finished,203000,6,189288.0
1313,20,9572,0,3,8,5,2810,WD,Normal,RL,two,finished,302000,9,307320.0
1314,11,14774,30,3,9,5,2599,WD,Normal,RL,two,finished,333168,10,394139.0
1315,56,8190,36,1,4,6,948,WD,Normal,RL,one,finished,119000,5,110610.0
1316,41,11075,0,3,6,5,2112,WD,Normal,RL,two,finished,206900,9,191109.0
1317,2,10226,42,2,8,5,1630,WD,Normal,RL,one,finished,295493,8,271068.0
1319,8,14781,150,2,8,5,1787,WD,Normal,RL,one,finished,275000,7,274878.0
1320,56,10215,0,1,4,5,948,WD,Normal,RL,one,finished,111000,5,109505.0
1321,53,8400,216,2,6,3,1478,WD,Normal,RL,one,finished,156500,6,131232.0
1322,60,6627,0,1,3,6,720,WD,Normal,RL,one,finished,72500,4,76129.0
1323,18,10186,39,3,7,5,1923,WD,Normal,RL,two,finished,190000,8,209098.0
1324,60,5330,0,1,4,7,708,WD,Normal,RL,one,finished,82500,5,73878.0
1325,3,9986,49,2,8,5,1795,New,Partial,RL,one,finished,147000,7,264583.0
1326,60,3636,100,1,4,4,796,WD,Normal,RM,one,finished,55000,5,61369.0
1327,4,4270,286,1,3,6,774,WD,Normal,RH,one,finished,79000,6,93292.0
1328,2,6600,0,1,5,9,816,WD,Normal,RL,one,finished,130500,5,127392.0
1330,12,9084,28,3,7,5,1632,WD,Normal,RL,two,finished,176500,8,201752.0
1331,4,10000,45,2,8,5,1588,WD,Normal,RL,one,finished,227000,7,252265.0
1332,34,10780,0,1,5,5,954,WD,Normal,RL,split,finished,132500,6,127364.0
1333,52,8877,0,1,4,6,816,WD,Normal,RL,one,finished,100000,3,105432.0
1334,15,7200,255,2,5,6,1360,WD,Normal,RM,one_and_half,finished,125500,6,128410.0
1335,40,2368,36,2,5,6,1365,WD,Normal,RM,two,finished,125000,7,110146.0
1336,33,9650,16,2,6,5,1334,WD,Normal,RL,one,finished,167900,6,156596.0
1337,37,9246,211,2,5,5,1656,WD,Normal,RL,one,finished,135000,8,148960.0
1338,60,4118,20,1,4,4,693,WD,Normal,RM,one,finished,52500,4,56431.0
1339,8,13450,91,3,7,5,1861,WD,Normal,RL,two,finished,200000,8,223842.0
1340,38,9560,0,1,5,7,864,WD,Normal,RL,one,finished,128500,5,123848.0
1341,39,8294,0,1,4,5,872,WD,Normal,RL,one,finished,123000,5,107528.0
1342,6,13695,78,1,6,5,1114,WD,Normal,RL,one,finished,155000,6,167938.0
1343,8,9375,87,3,8,5,2169,WD,Normal,RL,two,finished,228500,7,276060.0
1344,60,7558,0,2,6,6,1913,WD,Normal,RL,one_and_half,finished,177000,9,162419.0
1345,4,11103,0,3,7,5,1456,New,Partial,RL,two,finished,155835,8,200543.0
1346,60,6000,168,1,4,4,960,WD,Normal,RM,one,finished,108500,5,80977.0
1347,7,20781,370,2,7,7,2156,WD,Normal,RL,one,finished,262500,9,276583.0
1348,3,15306,0,2,8,5,1776,New,Partial,RL,one,finished,283463,7,294063.0
1349,12,16196,25,2,7,5,1494,WD,Normal,RL,one,finished,215000,5,208778.0
1350,23,5250,74,2,8,5,2358,WD,Normal,RM,two,finished,122000,8,197969.0
1351,41,11643,0,4,5,5,2634,WD,Normal,RL,two,finished,200000,12,190554.0
1352,48,9247,204,2,6,6,1716,WD,Normal,RL,two,finished,171000,8,168063.0
1353,10,6000,0,1,6,9,1176,WD,Normal,RM,one_and_half,finished,134900,4,139085.0
1354,14,14720,86,3,8,5,3238,WD,Normal,RL,one_and_half,finished,410000,9,380468.0
1355,10,10316,184,3,7,5,1865,WD,Normal,RL,two,finished,235000,7,213865.0
1356,18,10192,98,3,7,6,1920,WD,Normal,RL,split,finished,170000,8,208097.0
1357,44,9477,0,1,5,5,892,WD,Normal,RL,one,finished,110000,5,118819.0
1358,2,12537,0,2,5,6,1078,WD,Normal,RL,one,finished,149900,6,152856.0
1360,5,16737,45,2,9,5,1980,WD,Normal,RL,one,finished,315000,8,364494.0
1361,12,9842,301,4,5,6,2601,WD,Normal,RL,two,finished,189000,8,189733.0
1362,5,16158,36,2,7,5,1530,WD,Normal,RL,one,finished,260000,7,228241.0
1363,3,12513,0,2,4,4,1738,WD,Normal,RL,one_and_half,finished,104900,7,148256.0
1364,3,8499,36,3,6,5,1412,New,Partial,RL,two,finished,156932,6,173966.0
1368,33,2665,26,2,5,6,1475,WD,Normal,RM,two,finished,127000,6,117811.0
1369,6,4435,0,1,6,5,848,WD,Normal,RM,one,finished,144000,4,127564.0
1370,7,10635,262,2,8,5,1668,WD,Normal,RL,one,finished,232000,8,246578.0
1371,60,5400,198,1,4,6,1374,WD,Normal,RL,one_and_half,finished,105000,6,113311.0
1372,14,9600,206,1,6,6,1661,WD,Normal,RL,split,finished,165500,8,181903.0
1373,12,9750,170,3,7,6,2097,WD,Normal,RL,two,finished,274300,8,237210.0
1374,8,11400,140,3,10,5,2633,WD,Normal,RL,one,finished,466500,8,400823.0
1376,3,10991,36,2,8,5,1571,New,Partial,RL,one,finished,239000,7,254415.0
1377,60,6292,141,1,6,5,790,WD,Normal,RL,one,finished,91000,4,99589.0
1378,50,10998,68,2,5,5,1604,WD,Normal,RL,one_and_half,finished,117000,6,145491.0
1379,37,1953,0,2,6,5,987,WD,Normal,RM,two,finished,83000,5,99468.0
1380,3,9735,0,3,5,5,1394,WD,Normal,RL,split,finished,167500,7,154601.0
1381,60,8212,96,1,3,3,864,WD,Normal,RL,one,finished,58500,5,61924.0
1382,40,12925,42,3,6,7,2117,WD,Normal,RL,one,finished,237500,7,204175.0
1383,60,7200,221,2,7,7,1762,WD,Normal,RM,two,finished,157000,8,148686.0
1384,3,25339,112,2,5,7,1416,WD,Normal,RL,one,finished,112000,7,172970.0
1385,60,9060,0,1,6,5,1258,WD,Normal,RL,one_and_half,finished,105000,6,128574.0
1386,3,5436,96,1,4,8,1154,WD,Normal,RM,one_and_half,finished,125500,7,118908.0
1387,32,16692,552,4,7,5,2784,WD,Normal,RL,two,finished,250000,12,284914.0
1389,3,14892,39,2,9,5,1746,WD,Normal,RL,one,finished,377500,7,338126.0
1390,60,6000,0,1,6,6,1218,WD,Normal,RM,one_and_half,finished,131000,6,120756.0
1391,10,9100,36,2,7,5,1525,WD,Normal,RL,one,finished,235000,6,200934.0
1392,43,8944,152,2,5,5,1584,WD,Normal,RL,one,finished,124000,8,144711.0
1393,43,7838,144,1,5,5,900,WD,Normal,RL,split,finished,123000,6,117127.0
1394,10,10800,237,2,6,7,1912,WD,Normal,RM,one_and_half,finished,163000,7,159984.0
1395,4,4045,20,2,7,5,1500,New,Partial,RL,one,finished,246578,6,197094.0
1396,4,12665,39,3,8,5,2482,WD,Normal,RL,two,finished,281213,9,330778.0
1397,60,57200,50,1,5,5,1687,WD,Normal,RL,one,finished,160000,7,170897.0
1398,6,6120,150,2,5,8,1513,WD,Normal,RM,two,finished,137500,8,139553.0
1399,28,7200,168,2,5,4,1904,WD,Normal,RL,one_and_half,finished,138000,7,142821.0
1400,20,6171,16,3,6,6,1608,WD,Normal,RL,one_and_half,finished,137450,7,170526.0
1401,60,6000,112,1,6,7,1158,WD,Normal,RM,one_and_half,finished,120000,5,120082.0
1402,6,7415,75,3,6,5,1593,WD,Normal,RL,two,finished,193000,8,181318.0
1403,4,6762,55,2,7,5,1294,New,Partial,RL,one,finished,193879,6,186314.0
1404,3,15256,160,2,8,5,1464,WD,Normal,RL,one,finished,282922,6,257879.0
1406,5,3842,208,2,8,5,1646,WD,Normal,RM,one,finished,275000,5,233410.0
1407,3,8445,0,1,5,7,768,WD,Normal,RL,split,finished,133000,5,120210.0
1408,25,8780,0,1,5,5,833,WD,Normal,RL,one,finished,112000,5,119424.0
1409,60,7740,168,1,4,7,1363,WD,Normal,RM,two,finished,125500,6,112630.0
1410,19,20544,63,3,7,6,2093,WD,Normal,RL,two,finished,215000,7,247954.0
1411,9,12420,45,3,7,5,1840,WD,Normal,RL,two,finished,230000,6,219328.0
1412,5,9600,0,2,6,8,1668,WD,Normal,RL,one_and_half,finished,140000,6,190784.0
1413,60,7200,0,2,4,5,1040,WD,Normal,RL,one,finished,90000,6,96560.0
1415,10,13053,220,2,6,7,1848,WD,Normal,RL,one_and_half,finished,207000,8,199605.0
1416,3,3635,20,2,7,5,1569,WD,Normal,RL,one,finished,175900,7,193313.0
1417,60,11340,114,2,4,6,2290,WD,Normal,RM,two,finished,122500,11,133433.0
1418,12,16545,126,3,8,5,2450,WD,Normal,RL,two,finished,340000,7,338811.0
1420,41,16381,289,2,6,5,1844,WD,Normal,RL,one,finished,223000,7,188471.0
1421,42,11700,288,3,6,6,1416,WD,Normal,RL,two,finished,179900,7,162778.0
1422,33,4043,220,2,6,5,1069,WD,Normal,RL,one,finished,127500,4,135529.0
1423,7,4435,0,1,6,5,848,WD,Normal,RM,one,finished,136500,3,126257.0
1425,27,9503,28,1,5,5,1344,WD,Normal,RL,one,finished,144000,6,143465.0
1426,51,10721,39,1,6,6,1252,WD,Normal,RL,one,finished,142000,7,154482.0
1427,16,10944,132,3,7,5,2127,WD,Normal,RL,two,finished,271000,5,238804.0
1428,60,10930,0,2,5,6,1558,WD,Normal,RL,one_and_half,finished,140000,6,141967.0
1430,29,12546,99,2,6,7,1440,WD,Normal,RL,one,finished,182900,7,171816.0
1431,5,21930,40,3,5,5,1838,WD,Normal,RL,two,finished,192140,7,189809.0
1432,34,4928,60,2,6,6,958,WD,Normal,RL,one,finished,143750,5,132135.0
1433,3,10800,0,2,4,6,968,WD,Normal,RL,one,finished,64500,5,126531.0
1434,10,10261,0,3,6,5,1792,WD,Normal,RL,two,finished,186500,8,186965.0
1435,33,17400,41,2,5,5,1126,WD,Normal,RL,one,finished,160000,5,152013.0
1437,39,9000,0,1,4,6,864,WD,Normal,RL,one,finished,120500,5,111400.0
1438,2,12444,370,2,8,5,1932,New,Partial,RL,one,finished,394617,7,299985.0
1439,14,7407,316,1,6,7,1236,WD,Normal,RM,one,finished,149700,6,138530.0
1440,31,11584,304,3,7,6,1725,WD,Normal,RL,split,finished,197000,6,198567.0
1441,16,11526,0,2,6,7,2555,WD,Normal,RL,two_and_half,finished,191000,11,226648.0
1442,6,4426,0,1,6,5,848,WD,Normal,RM,one,finished,149300,3,127564.0
1444,60,8854,138,1,6,6,952,WD,Normal,RL,one_and_half,unfinished,121000,4,125912.0
1445,6,8500,60,2,7,5,1422,WD,Normal,RL,one,finished,179600,7,188061.0
1446,44,8400,252,1,6,5,913,WD,Normal,RL,split,finished,129000,6,128395.0
1447,48,26142,39,1,5,7,1188,WD,Normal,RL,one,finished,157900,6,156437.0
1448,14,10000,65,3,8,5,2090,WD,Normal,RL,two,finished,240000,8,275115.0
1449,10,11767,24,2,4,7,1346,WD,Normal,RL,two,finished,112000,6,140511.0
1451,36,9000,45,4,5,5,1792,WD,Normal,RL,two,finished,136000,8,151796.0
1452,1,9262,36,2,8,5,1578,New,Partial,RL,one,finished,287090,7,267253.0
1453,5,3675,28,1,5,5,1072,WD,Normal,RM,split,finished,145000,5,120638.0
1456,10,7917,40,3,6,5,1647,WD,Normal,RL,two,finished,175000,7,179471.0
1457,22,13175,0,2,6,6,2073,WD,Normal,RL,one,finished,210000,7,204333.0
1458,4,9042,60,2,7,9,2340,WD,Normal,RL,two,finished,266500,9,261427.0
1459,14,9717,112,1,5,6,1078,WD,Normal,RL,one,finished,142125,5,141154.0
1460,45,9937,68,2,5,6,1256,WD,Normal,RL,one,finished,147500,6,140056.0
